"Verkiezing";;"Tweede Kamer der Staten-Generaal 2023"
"Datum";;"2023-11-22"
"Gebied";;"Kieskring Assen"
"Nummer";;"HSB3"

"Lijstnummer";"Aanduiding";"Volgnummer";"Naam kandidaat";"Totaal";"Assen";"Coevorden";"Emmen";"Hoogeveen";"Meppel";"Aa en Hunze";"Borger-Odoorn";"De Wolden";"Noordenveld";"Westerveld";"Tynaarlo";"Midden-Drenthe"
"Gebiednummer";;;;;"0106";"0109";"0114";"0118";"0119";"1680";"1681";"1690";"1699";"1701";"1730";"1731"
;"opgeroepenen";;;"400588";"54184";"28863";"87136";"43877";"27588";"21059";"21196";"19815";"25687";"16597";"26933";"27653"
;"geldig volmachtbewijs";;;"28172";"3295";"1952";"6572";"3280";"1585";"1471";"1455";"1501";"1707";"1211";"1919";"2224"
;"geldige kiezerspas";;;"2122";"261";"257";"235";"66";"52";"185";"278";"77";"86";"250";"158";"217"
;"geldige stembiljetten";;;"324893";"42482";"23524";"66974";"34468";"22557";"17864";"17370";"17257";"21663";"14305";"23045";"23384"
;"blanco stembiljetten";;;"506";"78";"27";"123";"47";"32";"33";"38";"17";"25";"17";"34";"35"
;"ongeldige stembiljetten";;;"539";"70";"46";"110";"70";"49";"21";"22";"30";"32";"12";"34";"43"
;"aangetroffen stembiljetten";;;"325938";"42630";"23597";"67207";"34585";"22638";"17918";"17430";"17304";"21720";"14334";"23113";"23462"
;"meer stembiljetten dan toegelaten kiezers";;;"38";"16";"2";"1";"4";"0";"0";"2";"5";"0";"1";"6";"1"
;"minder stembiljetten dan toegelaten kiezers";;;"164";"52";"8";"47";"3";"5";"8";"12";"3";"14";"6";"5";"1"
;"kiezers met stembiljet hebben niet gestemd";;;"11";"0";"1";"6";"0";"1";"0";"2";"0";"0";"0";"0";"1"
;"er zijn te weinig stembiljetten uitgereikt";;;"2";"0";"0";"2";"0";"0";"0";"0";"0";"0";"0";"0";"0"
;"er zijn te veel stembiljetten uitgereikt";;;"3";"0";"0";"1";"0";"0";"0";"1";"0";"0";"0";"0";"1"
;"geen verklaring";;;"151";"66";"4";"24";"6";"3";"4";"11";"5";"14";"3";"11";"0"
;"andere verklaring";;;"17";"2";"2";"5";"0";"1";"0";"0";"3";"0";"4";"0";"0"
"1";"VVD";;;"40761";"5298";"3164";"6671";"3284";"3125";"2898";"2196";"2634";"2981";"2001";"3740";"2769"
;;"1";"Yeşilgöz, D.";"34325";"4498";"2632";"5680";"2831";"2670";"2370";"1844";"2230";"2457";"1733";"3021";"2359"
;;"2";"Hermans, S.T.M.";"1313";"175";"85";"230";"114";"98";"86";"68";"67";"90";"58";"141";"101"
;;"3";"Becker, B.";"250";"29";"11";"38";"26";"23";"12";"21";"12";"20";"15";"22";"21"
;;"4";"van der Burg, E.";"464";"67";"30";"69";"39";"43";"36";"24";"28";"37";"15";"49";"27"
;;"5";"van der Wal-Zeggelink, C.";"178";"22";"19";"29";"11";"19";"11";"8";"9";"11";"10";"17";"12"
;;"6";"Brekelmans, R.P.";"161";"21";"11";"20";"15";"9";"6";"7";"7";"18";"15";"13";"19"
;;"7";"Heinen, E.";"38";"3";"4";"7";"6";"2";"3";"1";"3";"2";"3";"3";"1"
;;"8";"de Vries, A.";"277";"39";"17";"21";"17";"25";"18";"6";"16";"40";"27";"37";"14"
;;"9";"Kamminga, R.J.";"1014";"158";"40";"82";"20";"15";"180";"70";"21";"110";"18";"252";"48"
;;"10";"Paul, M.L.J.";"42";"5";"2";"11";"5";"3";"4";"1";"1";"4";"0";"2";"4"
;;"11";"Erkens, S.P.A.";"21";"3";"3";"1";"1";"0";"4";"0";"0";"3";"0";"4";"2"
;;"12";"Rajkowski, Q.M.";"21";"6";"1";"2";"1";"1";"3";"1";"3";"0";"0";"1";"2"
;;"13";"Aartsen, A.A.";"24";"4";"0";"2";"4";"2";"4";"3";"0";"1";"1";"0";"3"
;;"14";"van Campen, A.A.H.";"211";"22";"10";"26";"23";"48";"12";"7";"31";"3";"14";"4";"11"
;;"15";"Tielen, J.Z.C.M.";"30";"4";"2";"5";"4";"1";"1";"4";"2";"3";"0";"3";"1"
;;"16";"Veltman-Kamp, H.N.";"28";"3";"2";"4";"4";"3";"0";"2";"2";"3";"3";"1";"1"
;;"17";"van Eijk-Nagel, W.P.J.";"6";"1";"1";"1";"1";"1";"0";"0";"0";"0";"0";"1";"0"
;;"18";"Ellian, U.";"49";"10";"2";"7";"10";"1";"0";"1";"4";"9";"2";"1";"2"
;;"19";"Michon-Derkzen, I.J.M.";"3";"0";"0";"0";"2";"0";"0";"0";"1";"0";"0";"0";"0"
;;"20";"Martens-America, C.";"17";"1";"0";"4";"2";"4";"0";"2";"0";"0";"2";"1";"1"
;;"21";"Meulenkamp, W.J.H.";"16";"0";"0";"5";"0";"0";"1";"2";"3";"0";"3";"1";"1"
;;"22";"de Groot, P.C.";"24";"2";"2";"5";"0";"2";"1";"4";"2";"1";"0";"2";"3"
;;"23";"Kisteman, A.";"98";"9";"5";"10";"10";"32";"4";"1";"11";"1";"5";"5";"5"
;;"24";"de Kort, A.H.J.";"5";"0";"0";"0";"0";"0";"2";"1";"1";"0";"1";"0";"0"
;;"25";"van den Hil, J.";"24";"3";"3";"2";"1";"4";"3";"0";"2";"2";"4";"0";"0"
;;"26";"Valstar, P.J.";"18";"1";"3";"4";"0";"1";"1";"0";"1";"2";"2";"2";"1"
;;"27";"Bevers, H.";"28";"5";"3";"4";"5";"0";"0";"3";"0";"3";"0";"4";"1"
;;"28";"Buijsse, M.R.G.";"6";"0";"3";"1";"1";"0";"0";"1";"0";"0";"0";"0";"0"
;;"29";"Dral, R.M.";"26";"7";"2";"2";"2";"2";"1";"0";"1";"3";"1";"3";"2"
;;"30";"Bikkers, B.T.";"5";"0";"0";"0";"1";"1";"0";"0";"0";"0";"0";"0";"3"
;;"31";"Verkuijlen, R.";"5";"0";"1";"1";"2";"0";"0";"0";"0";"1";"0";"0";"0"
;;"32";"Richardson, S.M.";"16";"4";"0";"4";"2";"0";"2";"0";"0";"1";"1";"2";"0"
;;"33";"de Beer, M.E.E.";"10";"1";"0";"3";"0";"1";"3";"0";"0";"0";"2";"0";"0"
;;"34";"van Strien, P.J.T.";"19";"11";"1";"4";"0";"1";"0";"0";"0";"0";"0";"1";"1"
;;"35";"Hartsuiker, R.J.J.";"626";"41";"51";"263";"33";"11";"53";"75";"15";"10";"14";"17";"43"
;;"36";"Klein Lankhorst, H.";"4";"3";"0";"0";"0";"0";"0";"0";"1";"0";"0";"0";"0"
;;"37";"Haverkort, E.A.";"67";"2";"5";"3";"0";"1";"16";"3";"0";"5";"2";"15";"15"
;;"38";"Simons, C.";"4";"1";"0";"0";"0";"0";"0";"1";"1";"1";"0";"0";"0"
;;"39";"Bijenhof, Y.";"11";"1";"0";"2";"0";"3";"1";"1";"1";"0";"1";"1";"0"
;;"40";"van Groningen, D.A.";"18";"2";"1";"0";"2";"0";"0";"0";"1";"0";"2";"8";"2"
;;"41";"Zeeuw van der Laan, E.M.";"6";"2";"0";"1";"1";"0";"2";"0";"0";"0";"0";"0";"0"
;;"42";"Volkman, Y.";"1";"1";"0";"0";"0";"0";"0";"0";"0";"0";"0";"0";"0"
;;"43";"van Kessel, P.W.";"3";"1";"0";"0";"0";"0";"0";"0";"0";"0";"0";"2";"0"
;;"44";"Rahimi, H.";"4";"1";"0";"0";"0";"0";"1";"0";"0";"0";"0";"2";"0"
;;"45";"Omlo, B.F.";"6";"2";"0";"0";"0";"1";"0";"0";"0";"2";"0";"0";"1"
;;"46";"Yizhak Cooremans, R.A.T.";"3";"1";"0";"0";"0";"0";"0";"0";"0";"0";"0";"2";"0"
;;"47";"Nelisse, R.M.L.";"16";"0";"1";"0";"1";"0";"4";"0";"1";"7";"1";"0";"1"
;;"48";"de Wit, B.G.P.";"8";"1";"0";"0";"1";"1";"0";"1";"1";"0";"0";"2";"1"
;;"49";"van Meerten-Kok, M.A.";"2";"0";"0";"0";"0";"0";"0";"0";"0";"1";"0";"0";"1"
;;"50";"Hoogezand, B.";"5";"0";"1";"2";"0";"0";"0";"0";"0";"0";"0";"2";"0"
;;"51";"Achterbergh, M.";"4";"1";"1";"1";"0";"0";"0";"0";"0";"1";"0";"0";"0"
;;"52";"Wendel, H.";"354";"63";"5";"25";"3";"4";"28";"13";"4";"109";"8";"77";"15"
;;"53";"Kohli, N.R.";"8";"0";"1";"0";"1";"0";"1";"0";"0";"3";"0";"2";"0"
;;"54";"Klerks, I.C.";"3";"0";"0";"2";"0";"0";"1";"0";"0";"0";"0";"0";"0"
;;"55";"Dijkema, H.M.";"0";"0";"0";"0";"0";"0";"0";"0";"0";"0";"0";"0";"0"
;;"56";"Elkerbout, A.";"10";"1";"5";"0";"0";"2";"0";"0";"1";"0";"0";"1";"0"
;;"57";"van Rijn, D.";"0";"0";"0";"0";"0";"0";"0";"0";"0";"0";"0";"0";"0"
;;"58";"Aptroot, B.W.";"2";"0";"0";"1";"0";"0";"0";"1";"0";"0";"0";"0";"0"
;;"59";"de Regt, L.H.P.";"1";"0";"0";"0";"0";"1";"0";"0";"0";"0";"0";"0";"0"
;;"60";"van Veen, J.";"9";"0";"4";"0";"1";"0";"0";"0";"1";"1";"2";"0";"0"
;;"61";"Vulpes, M.J.";"21";"9";"0";"1";"0";"3";"4";"0";"0";"1";"0";"2";"1"
;;"62";"van Os, J.L.P.";"4";"0";"0";"0";"2";"0";"0";"0";"0";"0";"1";"1";"0"
;;"63";"van der Klauw, R.A.";"5";"0";"0";"0";"1";"0";"0";"0";"2";"2";"0";"0";"0"
;;"64";"Rahmani, A.";"2";"0";"0";"0";"1";"0";"1";"0";"0";"0";"0";"0";"0"
;;"65";"Bouma, R.A.";"3";"0";"0";"0";"1";"0";"1";"0";"1";"0";"0";"0";"0"
;;"66";"van Berlo, J.T.M.";"3";"0";"0";"0";"0";"2";"0";"0";"1";"0";"0";"0";"0"
;;"67";"Talens, A.E.";"370";"23";"179";"69";"31";"8";"10";"15";"5";"6";"3";"4";"17"
;;"68";"Bruin, R.N.";"3";"1";"0";"0";"1";"0";"0";"0";"0";"0";"0";"0";"1"
;;"69";"van 't Hull-Bettink, G.D.W.";"10";"0";"4";"1";"4";"0";"0";"0";"0";"0";"1";"0";"0"
;;"70";"Gadella, J.A.N.";"0";"0";"0";"0";"0";"0";"0";"0";"0";"0";"0";"0";"0"
;;"71";"Vermeulen, D.";"1";"0";"0";"0";"0";"1";"0";"0";"0";"0";"0";"0";"0"
;;"72";"van Noort-Cnossen, M.G.";"3";"0";"0";"0";"0";"0";"0";"0";"0";"2";"0";"0";"1"
;;"73";"Van der Sanden, M.M.E.";"5";"0";"1";"0";"0";"1";"0";"0";"3";"0";"0";"0";"0"
;;"74";"Rodoe, H.";"0";"0";"0";"0";"0";"0";"0";"0";"0";"0";"0";"0";"0"
;;"75";"Schollink, C.D.";"1";"0";"0";"0";"0";"0";"0";"0";"0";"0";"1";"0";"0"
;;"76";"de Wolff, I.";"3";"1";"1";"0";"0";"0";"0";"0";"0";"0";"1";"0";"0"
;;"77";"de Boer, Y.";"6";"2";"0";"0";"0";"0";"0";"1";"0";"1";"2";"0";"0"
;;"78";"Yildirim, M.";"1";"0";"0";"0";"0";"0";"0";"0";"0";"0";"1";"0";"0"
;;"79";"Mulder, H.";"324";"13";"7";"9";"35";"65";"6";"3";"137";"2";"26";"5";"16"
;;"80";"van der Weijden, M.";"49";"11";"2";"7";"5";"9";"1";"0";"0";"2";"0";"4";"8"
"2";"D66";;;"14467";"2393";"818";"1977";"943";"1200";"1005";"589";"683";"1340";"659";"2052";"808"
;;"1";"Jetten, R.A.A.";"9239";"1489";"565";"1276";"658";"796";"599";"381";"492";"804";"481";"1211";"487"
;;"2";"Paternotte, J.M.";"322";"52";"25";"38";"18";"46";"21";"13";"22";"25";"4";"43";"15"
;;"3";"Vijlbrief, J.A.";"511";"72";"20";"60";"12";"25";"64";"24";"19";"62";"23";"96";"34"
;;"4";"Podt, A.";"1084";"184";"55";"122";"88";"116";"76";"37";"46";"94";"52";"148";"66"
;;"5";"Sneller, J.C.";"25";"1";"1";"6";"4";"3";"2";"0";"0";"2";"0";"3";"3"
;;"6";"Rooderkerk, I.";"127";"27";"8";"24";"8";"11";"6";"2";"5";"9";"7";"15";"5"
;;"7";"Paulusma, W.";"1774";"342";"80";"184";"65";"65";"152";"76";"44";"239";"40";"374";"113"
;;"8";"van der Werf, J.J.";"103";"20";"2";"12";"10";"16";"7";"3";"2";"7";"7";"7";"10"
;;"9";"Bamenga, P.";"24";"1";"0";"3";"2";"3";"2";"2";"0";"4";"2";"5";"0"
;;"10";"de Groot, T.C.";"113";"21";"3";"10";"5";"12";"8";"3";"7";"13";"11";"16";"4"
;;"11";"Synhaeve, M.";"119";"17";"7";"18";"9";"17";"10";"4";"4";"13";"3";"10";"7"
;;"12";"van Ginneken, L.M.";"106";"16";"6";"13";"15";"5";"6";"6";"3";"8";"2";"19";"7"
;;"13";"Belhaj, S.";"37";"15";"1";"4";"3";"4";"1";"1";"0";"3";"1";"3";"1"
;;"14";"Boulakjar, F.";"6";"1";"0";"2";"0";"1";"1";"0";"0";"0";"0";"1";"0"
;;"15";"Sahla, F.";"14";"0";"0";"2";"0";"2";"1";"2";"1";"0";"2";"2";"2"
;;"16";"Klos, F.C.O.";"3";"0";"1";"1";"0";"0";"0";"0";"0";"1";"0";"0";"0"
;;"17";"Kat, H.";"27";"10";"2";"3";"0";"2";"0";"0";"0";"5";"0";"2";"3"
;;"18";"Warmerdam, S.";"3";"2";"0";"1";"0";"0";"0";"0";"0";"0";"0";"0";"0"
;;"19";"Alberg, S.T.";"4";"0";"0";"0";"0";"1";"0";"1";"0";"0";"0";"1";"1"
;;"20";"Hammelburg, A.R.";"8";"2";"0";"0";"1";"0";"3";"0";"1";"0";"0";"0";"1"
;;"21";"Hollander, J.";"75";"11";"0";"10";"4";"10";"5";"3";"3";"8";"10";"8";"3"
;;"22";"ten Dolle, L.";"24";"4";"0";"1";"2";"6";"1";"1";"1";"4";"1";"2";"1"
;;"23";"Blommers, D.";"4";"0";"0";"0";"0";"1";"0";"0";"0";"1";"0";"2";"0"
;;"24";"van Breugel, C.";"15";"2";"1";"3";"5";"0";"0";"0";"0";"0";"1";"0";"3"
;;"25";"Teunissen, J.C.M.";"1";"0";"0";"0";"0";"0";"1";"0";"0";"0";"0";"0";"0"
;;"26";"Çimen, M.";"6";"1";"1";"0";"1";"0";"1";"0";"0";"1";"0";"1";"0"
;;"27";"Oualhadj, A.";"8";"1";"0";"1";"0";"1";"0";"0";"1";"0";"0";"4";"0"
;;"28";"Putuhena, M.";"6";"3";"1";"0";"0";"2";"0";"0";"0";"0";"0";"0";"0"
;;"29";"Keij, E.J.";"5";"2";"0";"0";"1";"2";"0";"0";"0";"0";"0";"0";"0"
;;"30";"Brink, V.J.";"7";"2";"0";"0";"1";"1";"0";"0";"1";"0";"0";"1";"1"
;;"31";"van Dorst, P.A.";"3";"1";"0";"0";"1";"0";"0";"0";"0";"1";"0";"0";"0"
;;"32";"Wijnja, G.H.";"3";"0";"0";"0";"0";"0";"1";"0";"0";"1";"0";"0";"1"
;;"33";"de Vries, M.M.";"5";"0";"0";"0";"0";"0";"0";"2";"0";"1";"0";"1";"1"
;;"34";"Schoonbeek, F.";"7";"0";"0";"2";"0";"0";"0";"1";"0";"0";"1";"3";"0"
;;"35";"Mathlouti, M.";"1";"1";"0";"0";"0";"0";"0";"0";"0";"0";"0";"0";"0"
;;"36";"Ruttenberg, W.C.J.";"3";"1";"0";"0";"1";"0";"0";"0";"0";"0";"0";"0";"1"
;;"37";"Koops, J.H.";"232";"24";"19";"136";"6";"4";"9";"12";"8";"0";"1";"2";"11"
;;"38";"Hagen, K.B.";"14";"1";"1";"3";"0";"1";"1";"0";"2";"3";"0";"1";"1"
;;"39";"Hiemstra, G.J.";"4";"0";"0";"1";"1";"0";"0";"0";"1";"1";"0";"0";"0"
;;"40";"Keijmel - den Boer, J.M.I.";"2";"1";"0";"0";"0";"0";"0";"1";"0";"0";"0";"0";"0"
;;"41";"Tjeerdema, H.";"11";"1";"2";"1";"0";"3";"1";"0";"0";"1";"0";"1";"1"
;;"42";"Woudstra, E.";"1";"1";"0";"0";"0";"0";"0";"0";"0";"0";"0";"0";"0"
;;"43";"Olsthoorn, A.";"4";"2";"1";"0";"0";"0";"0";"0";"0";"0";"0";"1";"0"
;;"44";"van Peski, C.J.";"1";"0";"0";"1";"0";"0";"0";"0";"0";"0";"0";"0";"0"
;;"45";"van Hattum, B.";"1";"0";"0";"1";"0";"0";"0";"0";"0";"0";"0";"0";"0"
;;"46";"Dekker-Abdulaziz, H.";"3";"0";"2";"0";"0";"0";"0";"0";"0";"0";"0";"1";"0"
;;"47";"van Driel, M.";"27";"2";"0";"6";"5";"7";"2";"0";"3";"0";"1";"1";"0"
;;"48";"Ruijs, L.J.M.";"4";"1";"0";"0";"1";"0";"0";"0";"0";"1";"0";"1";"0"
;;"49";"van der Gaag, P.J.";"2";"1";"0";"1";"0";"0";"0";"0";"0";"0";"0";"0";"0"
;;"50";"Bosters, E.L.";"0";"0";"0";"0";"0";"0";"0";"0";"0";"0";"0";"0";"0"
;;"51";"Hoevers, J.";"3";"1";"0";"0";"0";"1";"0";"0";"0";"1";"0";"0";"0"
;;"52";"van de Vijver, V.F.";"6";"0";"0";"1";"1";"0";"1";"0";"2";"1";"0";"0";"0"
;;"53";"Vemer, P.";"40";"4";"1";"0";"0";"0";"6";"2";"0";"4";"0";"21";"2"
;;"54";"Wallast, R.D.";"0";"0";"0";"0";"0";"0";"0";"0";"0";"0";"0";"0";"0"
;;"55";"André, E.S.";"3";"1";"0";"0";"1";"1";"0";"0";"0";"0";"0";"0";"0"
;;"56";"Wesseling, A.";"3";"0";"0";"1";"0";"0";"0";"0";"1";"0";"0";"0";"1"
;;"57";"Maessen, R.J.M.";"0";"0";"0";"0";"0";"0";"0";"0";"0";"0";"0";"0";"0"
;;"58";"Schoonen, M.";"0";"0";"0";"0";"0";"0";"0";"0";"0";"0";"0";"0";"0"
;;"59";"Pi Van de Venne, P.R.";"0";"0";"0";"0";"0";"0";"0";"0";"0";"0";"0";"0";"0"
;;"60";"Jenneskens, M.T.P.";"2";"0";"0";"0";"0";"1";"0";"0";"0";"1";"0";"0";"0"
;;"61";"Janssen, S.L.J.";"5";"1";"0";"3";"0";"0";"0";"0";"0";"1";"0";"0";"0"
;;"62";"de Vries, L.";"2";"0";"0";"0";"0";"1";"0";"0";"0";"0";"0";"1";"0"
;;"63";"Chaban, S.";"0";"0";"0";"0";"0";"0";"0";"0";"0";"0";"0";"0";"0"
;;"64";"Louhenapessij, A.F.";"3";"0";"0";"0";"3";"0";"0";"0";"0";"0";"0";"0";"0"
;;"65";"Nooitmeer, L.I.";"7";"0";"2";"0";"0";"2";"0";"1";"0";"0";"0";"2";"0"
;;"66";"van Essen, J.";"1";"0";"0";"1";"0";"0";"0";"0";"0";"0";"0";"0";"0"
;;"67";"Nunnely, J.M.";"2";"0";"0";"1";"0";"0";"0";"0";"0";"0";"0";"0";"1"
;;"68";"Türkkol, N.";"2";"0";"0";"1";"0";"0";"0";"0";"0";"0";"0";"1";"0"
;;"69";"van der Voort, P.H.J.";"2";"0";"0";"2";"0";"0";"0";"0";"0";"0";"0";"0";"0"
;;"70";"Hendrickx, M.T.M.";"2";"0";"0";"0";"0";"0";"2";"0";"0";"0";"0";"0";"0"
;;"71";"Gräper-van Koolwijk, F.Q.";"66";"20";"1";"5";"2";"2";"4";"4";"0";"6";"2";"14";"6"
;;"72";"Weerwind, F.M.";"2";"2";"0";"0";"0";"0";"0";"0";"0";"0";"0";"0";"0"
;;"73";"van Huffelen, A.C.";"2";"0";"0";"0";"0";"1";"1";"0";"0";"0";"0";"0";"0"
;;"74";"Kuipers, E.J.";"12";"2";"0";"1";"0";"5";"0";"1";"0";"1";"1";"1";"0"
;;"75";"Ollongren, K.H.";"16";"5";"1";"3";"1";"1";"0";"0";"1";"0";"1";"2";"1"
;;"76";"Dijkgraaf, R.H.";"34";"7";"2";"4";"4";"5";"2";"0";"1";"3";"2";"2";"2"
;;"77";"Uslu, G.";"5";"1";"0";"1";"0";"1";"0";"0";"1";"1";"0";"0";"0"
;;"78";"Pechtold, A.";"23";"6";"2";"1";"1";"1";"1";"1";"5";"1";"1";"2";"1"
;;"79";"Terlouw, J.C.";"18";"2";"1";"0";"0";"4";"2";"2";"1";"1";"0";"4";"1"
;;"80";"Kaag, S.A.M.";"78";"6";"4";"6";"3";"11";"5";"3";"5";"7";"2";"16";"10"
"3";"GROENLINKS / Partij van de Arbeid (PvdA)";;;"45405";"7526";"2575";"7240";"2919";"3259";"3207";"2156";"1844";"4153";"2384";"5128";"3014"
;;"1";"Timmermans, F.C.G.M.";"23623";"3456";"1448";"4470";"1570";"1648";"1696";"1240";"968";"1863";"1282";"2332";"1650"
;;"2";"Lahlah, A.";"3828";"706";"178";"394";"217";"365";"266";"161";"174";"379";"237";"512";"239"
;;"3";"Klaver, J.F.";"3961";"688";"224";"588";"246";"350";"262";"171";"188";"349";"214";"457";"224"
;;"4";"Piri, K.P.";"889";"154";"49";"112";"49";"57";"54";"38";"37";"97";"61";"133";"48"
;;"5";"Westerveld, E.M.";"2549";"426";"141";"325";"176";"269";"153";"95";"128";"193";"188";"288";"167"
;;"6";"Patijn, M.H.";"179";"27";"8";"31";"12";"12";"9";"7";"13";"14";"12";"28";"6"
;;"7";"Kröger, S.C.";"228";"41";"7";"37";"14";"21";"19";"12";"4";"21";"13";"27";"12"
;;"8";"Bushoff, T.J.";"2170";"302";"48";"204";"51";"36";"185";"102";"29";"640";"36";"420";"117"
;;"9";"van der Lee, T.M.T.";"99";"16";"5";"12";"9";"6";"8";"0";"1";"6";"4";"23";"9"
;;"10";"Mutluer, S.";"49";"18";"7";"10";"1";"5";"0";"0";"0";"1";"3";"3";"1"
;;"11";"Bromet, L.";"349";"48";"13";"39";"14";"30";"33";"17";"28";"36";"38";"40";"13"
;;"12";"de Hoop, H.E.";"323";"56";"20";"47";"22";"28";"19";"8";"6";"43";"23";"38";"13"
;;"13";"Maatoug, S.";"69";"13";"1";"8";"5";"10";"6";"3";"1";"5";"0";"11";"6"
;;"14";"Mohandis, M.";"38";"8";"0";"12";"4";"6";"1";"3";"0";"1";"0";"0";"3"
;;"15";"Gabriëls, G.J.W.";"33";"6";"1";"5";"2";"1";"3";"2";"1";"3";"2";"6";"1"
;;"16";"Thijssen, J.";"44";"5";"16";"3";"1";"5";"0";"0";"2";"3";"1";"4";"4"
;;"17";"Bouchallikh, K.";"96";"22";"3";"17";"8";"14";"4";"4";"5";"5";"2";"9";"3"
;;"18";"Kathmann, B.C.";"75";"6";"3";"8";"7";"13";"6";"5";"3";"4";"9";"3";"8"
;;"19";"Slagt-Tichelman, E.";"3808";"1169";"152";"507";"112";"140";"334";"179";"108";"252";"142";"388";"325"
;;"20";"Tseggai, M.";"71";"10";"3";"20";"1";"3";"6";"2";"3";"4";"3";"10";"6"
;;"21";"White, R.J.";"23";"3";"3";"5";"1";"2";"1";"1";"0";"3";"1";"3";"0"
;;"22";"Pijpelink, A.";"49";"6";"1";"9";"5";"3";"6";"1";"3";"7";"2";"3";"3"
;;"23";"Chakor, G.";"779";"124";"24";"53";"22";"26";"58";"32";"21";"147";"18";"232";"22"
;;"24";"Nordkamp, J.";"15";"1";"1";"4";"1";"0";"0";"2";"1";"1";"0";"4";"0"
;;"25";"Stultiens, L.C.J.";"15";"1";"0";"2";"0";"2";"0";"2";"2";"2";"1";"3";"0"
;;"26";"Haage, M.W.";"83";"14";"6";"9";"9";"11";"5";"2";"5";"3";"2";"13";"4"
;;"27";"Hirsch, D.H.";"123";"24";"6";"11";"7";"14";"5";"1";"6";"12";"7";"17";"13"
;;"28";"de Jong, H.A.";"12";"1";"1";"2";"0";"0";"0";"1";"0";"0";"1";"6";"0"
;;"29";"Postma, J.P.";"25";"1";"1";"4";"0";"1";"0";"0";"0";"1";"10";"6";"1"
;;"30";"Oosting, I.";"1228";"87";"175";"193";"299";"88";"40";"46";"78";"34";"52";"53";"83"
;;"31";"de Boer, M.M.";"39";"7";"1";"8";"3";"1";"3";"2";"0";"4";"3";"5";"2"
;;"32";"Daenen, J.W.B.";"5";"1";"0";"0";"0";"1";"2";"0";"0";"0";"1";"0";"0"
;;"33";"Ranshuijsen, A.B.";"47";"15";"3";"3";"0";"3";"3";"0";"2";"2";"4";"11";"1"
;;"34";"Köseoglu, E.";"25";"9";"2";"2";"1";"1";"2";"0";"2";"1";"0";"1";"4"
;;"35";"van Roemburg, E.T.W.";"11";"1";"0";"3";"1";"2";"0";"1";"0";"0";"0";"1";"2"
;;"36";"Nessar, A.";"16";"1";"0";"7";"2";"2";"0";"0";"0";"1";"0";"3";"0"
;;"37";"Muns, L.";"6";"3";"0";"0";"0";"2";"1";"0";"0";"0";"0";"0";"0"
;;"38";"Vrolijks, I.L.";"73";"9";"4";"10";"10";"13";"4";"1";"5";"3";"2";"7";"5"
;;"39";"Smits, P.L.";"10";"2";"1";"3";"0";"4";"0";"0";"0";"0";"0";"0";"0"
;;"40";"Nabih, M.";"12";"3";"0";"3";"3";"1";"0";"0";"0";"0";"0";"2";"0"
;;"41";"Rietveld, M.D.";"3";"2";"0";"0";"0";"0";"0";"0";"0";"0";"0";"1";"0"
;;"42";"Torunoglu, Y.";"3";"0";"1";"0";"0";"1";"0";"0";"1";"0";"0";"0";"0"
;;"43";"de Bruijn, E.";"31";"5";"2";"5";"5";"4";"2";"1";"3";"0";"0";"2";"2"
;;"44";"Bosman, E.M.";"6";"0";"0";"1";"1";"1";"0";"2";"0";"1";"0";"0";"0"
;;"45";"Kuipers, C.M.";"28";"4";"0";"3";"0";"3";"2";"0";"1";"1";"1";"10";"3"
;;"46";"van Schalkwijk, M.W.";"13";"3";"0";"2";"0";"2";"2";"0";"2";"1";"0";"0";"1"
;;"47";"Boshove, R.";"32";"0";"6";"8";"5";"5";"1";"1";"1";"0";"1";"2";"2"
;;"48";"Meijerink, E.G.";"125";"7";"4";"27";"14";"41";"1";"3";"9";"2";"5";"5";"7"
;;"49";"de Vries, J.H.";"13";"1";"2";"2";"0";"0";"1";"2";"0";"1";"1";"0";"3"
;;"50";"Hümmels, Y.A.";"74";"14";"4";"12";"9";"6";"4";"6";"3";"7";"2";"6";"1"
"4";"PVV (Partij voor de Vrijheid)";;;"84503";"8885";"6569";"24282";"10997";"5042";"3466";"4838";"3983";"4396";"2856";"3615";"5574"
;;"1";"Wilders, G.";"76790";"7849";"5989";"22578";"10080";"4534";"3074";"4411";"3578";"3955";"2564";"3167";"5011"
;;"2";"Agema, M.";"3923";"544";"319";"844";"508";"267";"178";"197";"204";"211";"159";"178";"314"
;;"3";"van Meetelen, R.F.";"173";"25";"10";"42";"29";"8";"5";"7";"8";"10";"5";"8";"16"
;;"4";"Markuszower, G.";"66";"13";"1";"14";"10";"1";"6";"0";"7";"3";"1";"6";"4"
;;"5";"Bosma, M.";"1465";"198";"107";"300";"136";"128";"66";"86";"96";"89";"75";"94";"90"
;;"6";"Claassen, R.A.B.";"15";"1";"1";"4";"0";"0";"0";"2";"1";"1";"0";"3";"2"
;;"7";"Faber, M.H.M.";"129";"17";"10";"22";"15";"7";"5";"3";"7";"13";"6";"9";"15"
;;"8";"Mulder, E.";"367";"24";"31";"60";"75";"62";"10";"13";"45";"6";"13";"5";"23"
;;"9";"Maeijer, V.";"44";"7";"0";"12";"6";"1";"4";"1";"2";"2";"1";"0";"8"
;;"10";"van Dijck, A.P.C.";"15";"0";"3";"2";"1";"2";"0";"0";"4";"1";"1";"1";"0"
;;"11";"Kops, A.";"14";"2";"0";"1";"2";"0";"1";"4";"1";"1";"0";"0";"2"
;;"12";"Madlener, B.";"9";"1";"0";"4";"0";"2";"0";"0";"0";"0";"0";"2";"0"
;;"13";"de Jong, L.W.E.";"21";"4";"4";"4";"3";"0";"2";"1";"1";"0";"0";"0";"2"
;;"14";"Graus, D.J.G.";"28";"2";"8";"9";"1";"1";"3";"0";"0";"1";"1";"2";"0"
;;"15";"Blaauw, R.B.";"207";"27";"11";"40";"17";"2";"32";"27";"0";"8";"4";"24";"15"
;;"16";"de Roon, R.";"6";"0";"1";"1";"2";"2";"0";"0";"0";"0";"0";"0";"0"
;;"17";"van Dijk, E.";"11";"0";"3";"2";"0";"2";"0";"2";"0";"0";"0";"2";"0"
;;"18";"de Vree, J.H.";"4";"0";"1";"0";"0";"1";"0";"0";"1";"0";"0";"0";"1"
;;"19";"Aardema, M.";"92";"15";"7";"13";"12";"1";"4";"2";"3";"21";"7";"3";"4"
;;"20";"van der Velde, M.K.";"48";"6";"3";"14";"7";"1";"2";"4";"3";"3";"2";"1";"2"
;;"21";"van der Hoeff, P.H.";"2";"1";"0";"1";"0";"0";"0";"0";"0";"0";"0";"0";"0"
;;"22";"Deen, M.";"3";"0";"0";"0";"0";"0";"1";"0";"1";"0";"1";"0";"0"
;;"23";"Nijhof-Leeuw, J.M.";"111";"21";"14";"27";"14";"6";"2";"3";"4";"4";"3";"0";"13"
;;"24";"Boon, M.C.H.";"11";"1";"0";"4";"2";"2";"0";"1";"0";"1";"0";"0";"0"
;;"25";"Mooiman, J.";"32";"2";"2";"11";"3";"2";"1";"2";"2";"1";"0";"4";"2"
;;"26";"Ram, D.";"225";"41";"11";"34";"21";"1";"16";"10";"1";"32";"5";"42";"11"
;;"27";"Vlottes, E.";"6";"2";"1";"1";"0";"1";"0";"0";"0";"0";"0";"0";"1"
;;"28";"Smitskam, P.";"6";"2";"0";"2";"2";"0";"0";"0";"0";"0";"0";"0";"0"
;;"29";"Esser, E.R.F.";"4";"0";"0";"0";"1";"0";"0";"0";"1";"2";"0";"0";"0"
;;"30";"Boutkan, W.";"5";"0";"0";"0";"2";"1";"1";"1";"0";"0";"0";"0";"0"
;;"31";"van den Born, V.H.";"1";"0";"0";"0";"0";"0";"1";"0";"0";"0";"0";"0";"0"
;;"32";"Crijns, P.P.";"1";"0";"0";"0";"1";"0";"0";"0";"0";"0";"0";"0";"0"
;;"33";"van Haasen, J.P.";"4";"2";"1";"1";"0";"0";"0";"0";"0";"0";"0";"0";"0"
;;"34";"Vondeling, M.";"30";"5";"4";"4";"6";"2";"1";"3";"1";"1";"0";"2";"1"
;;"35";"Valize, J.J.T.M.";"1";"0";"0";"0";"0";"0";"0";"0";"0";"1";"0";"0";"0"
;;"36";"Heutink, H.D.";"11";"0";"3";"2";"2";"0";"1";"1";"1";"0";"1";"0";"0"
;;"37";"Pool, J.";"16";"1";"0";"1";"6";"2";"0";"0";"4";"0";"1";"1";"0"
;;"38";"Faddegon, C.J.";"0";"0";"0";"0";"0";"0";"0";"0";"0";"0";"0";"0";"0"
;;"39";"Uppelschoten, N.A.";"210";"47";"2";"24";"11";"0";"18";"2";"2";"21";"1";"57";"25"
;;"40";"Rep, R.J.H.H.";"328";"14";"19";"188";"10";"0";"22";"54";"2";"4";"3";"3";"9"
;;"41";"Thiadens, F.M.";"5";"1";"0";"0";"1";"0";"0";"0";"0";"2";"1";"0";"0"
;;"42";"Raijer, A.J.";"24";"2";"2";"7";"5";"1";"1";"0";"2";"0";"0";"1";"3"
;;"43";"van Bijnen, H.M.";"4";"0";"0";"1";"0";"0";"3";"0";"0";"0";"0";"0";"0"
;;"44";"van Hattem, A.W.J.A.";"2";"0";"0";"1";"0";"1";"0";"0";"0";"0";"0";"0";"0"
;;"45";"van Strien, G.A.";"34";"8";"1";"7";"6";"1";"6";"1";"1";"2";"1";"0";"0"
"5";"CDA";;;"11928";"1354";"934";"2223";"1831";"889";"444";"536";"826";"698";"506";"705";"982"
;;"1";"Bontenbal, H.";"8338";"964";"682";"1547";"1371";"612";"309";"397";"439";"548";"301";"523";"645"
;;"2";"Vedder, E.C.";"2899";"287";"184";"509";"384";"243";"116";"112";"356";"97";"191";"129";"291"
;;"3";"Boswijk, D.G.";"62";"10";"4";"10";"4";"9";"4";"0";"5";"3";"4";"3";"6"
;;"4";"van Dijk, I.";"61";"11";"6";"8";"11";"4";"1";"3";"4";"2";"2";"4";"5"
;;"5";"Krul, H.M.";"21";"5";"5";"3";"3";"0";"0";"0";"2";"2";"1";"0";"0"
;;"6";"Palland-Mulder, H.M.";"51";"7";"6";"12";"11";"6";"1";"2";"1";"1";"0";"2";"2"
;;"7";"van den Brink, G.";"8";"2";"1";"3";"1";"0";"0";"1";"0";"0";"0";"0";"0"
;;"8";"Absil, M.G.J.A.C.";"18";"9";"0";"2";"0";"1";"0";"0";"0";"0";"2";"4";"0"
;;"9";"Steen, H.S.";"29";"1";"13";"3";"1";"0";"2";"3";"3";"0";"0";"2";"1"
;;"10";"Kuik, A.";"162";"13";"9";"80";"11";"1";"5";"8";"3";"14";"3";"8";"7"
;;"11";"Spoelstra, J.";"26";"5";"4";"0";"2";"3";"1";"0";"0";"7";"0";"2";"2"
;;"12";"Slootweg, E.J.";"2";"0";"0";"1";"0";"0";"0";"0";"0";"0";"1";"0";"0"
;;"13";"Chaoui-Nhass, S.";"1";"0";"0";"1";"0";"0";"0";"0";"0";"0";"0";"0";"0"
;;"14";"Zwinkels, J.M.";"5";"1";"1";"2";"0";"0";"0";"0";"0";"0";"0";"0";"1"
;;"15";"Diederen, R.";"3";"0";"0";"0";"0";"2";"0";"0";"0";"1";"0";"0";"0"
;;"16";"Hamstra, S.";"7";"0";"1";"1";"1";"0";"0";"0";"3";"0";"0";"0";"1"
;;"17";"Houmes, E.S.";"6";"1";"0";"0";"1";"0";"0";"0";"0";"1";"0";"0";"3"
;;"18";"van den Berg, J.H.C.";"6";"1";"0";"3";"0";"0";"0";"0";"0";"0";"0";"0";"2"
;;"19";"de Haan, J.D.P.";"71";"12";"2";"8";"2";"0";"1";"5";"0";"15";"0";"19";"7"
;;"20";"Vermeer, J.";"8";"0";"0";"0";"5";"0";"0";"0";"0";"0";"0";"1";"2"
;;"21";"van der Heide, E.J.";"5";"1";"0";"2";"1";"0";"0";"0";"0";"0";"1";"0";"0"
;;"22";"Goos, J.C.M.";"3";"1";"1";"1";"0";"0";"0";"0";"0";"0";"0";"0";"0"
;;"23";"Boogaard, P.";"3";"0";"0";"3";"0";"0";"0";"0";"0";"0";"0";"0";"0"
;;"24";"Goudzwaard-Wiersma, W.";"11";"2";"1";"2";"0";"0";"0";"2";"0";"1";"0";"2";"1"
;;"25";"Segers-Hoogendoorn, R.G.C.";"2";"1";"0";"0";"0";"1";"0";"0";"0";"0";"0";"0";"0"
;;"26";"van Gijssel, A.K.";"3";"0";"0";"1";"2";"0";"0";"0";"0";"0";"0";"0";"0"
;;"27";"Goudriaan, L.H.";"3";"1";"0";"0";"1";"0";"0";"0";"0";"1";"0";"0";"0"
;;"28";"van Lagen, M.";"3";"0";"0";"3";"0";"0";"0";"0";"0";"0";"0";"0";"0"
;;"29";"van der Spek, A.M.";"4";"0";"1";"0";"2";"0";"1";"0";"0";"0";"0";"0";"0"
;;"30";"Out, F.M.S.";"1";"1";"0";"0";"0";"0";"0";"0";"0";"0";"0";"0";"0"
;;"31";"Silos, J.J.";"2";"1";"0";"1";"0";"0";"0";"0";"0";"0";"0";"0";"0"
;;"32";"Tuncer, Y.";"1";"0";"0";"0";"0";"0";"0";"0";"0";"1";"0";"0";"0"
;;"33";"Broekhuis, J.C.";"1";"0";"0";"0";"0";"0";"0";"1";"0";"0";"0";"0";"0"
;;"34";"van den Oever, J.A.";"1";"0";"0";"0";"0";"0";"0";"0";"0";"0";"0";"1";"0"
;;"35";"van den Berg, J.A.M.J.";"2";"1";"0";"1";"0";"0";"0";"0";"0";"0";"0";"0";"0"
;;"36";"Beers, A.M.A.G.";"5";"1";"1";"1";"0";"0";"0";"0";"0";"2";"0";"0";"0"
;;"37";"van Luik, D.A.N.";"1";"0";"0";"1";"0";"0";"0";"0";"0";"0";"0";"0";"0"
;;"38";"van Dekken, B.";"38";"4";"7";"5";"10";"0";"0";"1";"9";"0";"0";"1";"1"
;;"39";"Luijten, S.C.A.";"2";"0";"0";"0";"1";"1";"0";"0";"0";"0";"0";"0";"0"
;;"40";"Dost, H.J.";"14";"5";"1";"3";"0";"0";"1";"0";"0";"1";"0";"2";"1"
;;"41";"Buijs, T.S.F.";"1";"0";"0";"0";"1";"0";"0";"0";"0";"0";"0";"0";"0"
;;"42";"van de Giessen, L.H.";"16";"2";"2";"3";"2";"4";"0";"1";"0";"0";"0";"1";"1"
;;"43";"Bracke, D.G.A.J.";"0";"0";"0";"0";"0";"0";"0";"0";"0";"0";"0";"0";"0"
;;"44";"Joosten, J.P.J.";"1";"0";"1";"0";"0";"0";"0";"0";"0";"0";"0";"0";"0"
;;"45";"Meppelink, E.M.";"5";"0";"0";"0";"1";"0";"1";"0";"0";"1";"0";"1";"1"
;;"46";"van Dijk, Q.A.";"3";"0";"1";"0";"0";"0";"1";"0";"1";"0";"0";"0";"0"
;;"47";"van Lankvelt, F.J.M.";"1";"0";"0";"0";"1";"0";"0";"0";"0";"0";"0";"0";"0"
;;"48";"Siegmann, A.H.";"2";"0";"0";"1";"0";"0";"0";"0";"0";"0";"0";"0";"1"
;;"49";"van de Kamp, L.B.";"10";"4";"0";"2";"1";"2";"0";"0";"0";"0";"0";"0";"1"
"6";"SP (Socialistische Partij)";;;"10736";"1763";"597";"2481";"1137";"782";"624";"609";"348";"680";"441";"680";"594"
;;"1";"Marijnissen, L.M.C.";"8107";"1246";"474";"2027";"920";"594";"425";"466";"271";"443";"355";"434";"452"
;;"2";"Beckerman, S.M.";"1525";"337";"59";"241";"97";"40";"152";"95";"33";"174";"44";"180";"73"
;;"3";"van Kent, B.";"31";"4";"5";"3";"3";"2";"1";"1";"2";"2";"0";"2";"6"
;;"4";"Dijk, J.P.";"204";"50";"7";"39";"11";"5";"18";"14";"3";"26";"5";"17";"9"
;;"5";"van Nispen, M.";"20";"4";"1";"6";"1";"1";"0";"0";"0";"1";"3";"3";"0"
;;"6";"Dobbe, S.E.M.";"56";"11";"5";"14";"8";"3";"2";"3";"0";"5";"0";"2";"3"
;;"7";"Temmink, N.G.J.";"157";"18";"11";"29";"25";"28";"10";"2";"11";"4";"4";"8";"7"
;;"8";"ten Broeke, M.J.";"9";"1";"0";"1";"1";"0";"2";"1";"0";"0";"1";"1";"1"
;;"9";"van Dijk, J.J.";"37";"6";"4";"7";"4";"2";"2";"5";"1";"0";"2";"4";"0"
;;"10";"Meijer, B.W.V.";"14";"2";"2";"7";"2";"0";"0";"1";"0";"0";"0";"0";"0"
;;"11";"Elfrink, G.E.";"3";"1";"0";"1";"0";"0";"0";"0";"0";"0";"0";"0";"1"
;;"12";"Wolters Gregório, J.";"2";"2";"0";"0";"0";"0";"0";"0";"0";"0";"0";"0";"0"
;;"13";"Boerwinkel, E.M.J.";"7";"3";"0";"0";"0";"0";"0";"1";"1";"1";"1";"0";"0"
;;"14";"Alberts, R.";"7";"1";"1";"4";"1";"0";"0";"0";"0";"0";"0";"0";"0"
;;"15";"van der Nat, H.F.A.";"4";"0";"0";"0";"0";"0";"0";"0";"0";"1";"2";"1";"0"
;;"16";"Memiş, M.";"6";"3";"0";"1";"0";"0";"1";"0";"0";"1";"0";"0";"0"
;;"17";"van Dijk, D.";"13";"1";"1";"5";"4";"0";"0";"1";"1";"0";"0";"0";"0"
;;"18";"de Ridder, N.";"7";"1";"0";"1";"0";"0";"0";"2";"0";"1";"0";"2";"0"
;;"19";"Yahyaoui, J.";"16";"6";"2";"2";"0";"0";"1";"0";"2";"0";"1";"1";"1"
;;"20";"van Boven, A.W.";"2";"0";"0";"2";"0";"0";"0";"0";"0";"0";"0";"0";"0"
;;"21";"Coppus, T.H.C.";"3";"1";"0";"1";"0";"0";"1";"0";"0";"0";"0";"0";"0"
;;"22";"Topma, X.M.";"142";"4";"8";"9";"17";"79";"0";"2";"12";"1";"8";"0";"2"
;;"23";"van Wijngaarden, T.J.J.";"5";"0";"0";"1";"1";"3";"0";"0";"0";"0";"0";"0";"0"
;;"24";"Coşkun, T.S.J.";"1";"0";"0";"1";"0";"0";"0";"0";"0";"0";"0";"0";"0"
;;"25";"van den Hout, S.G.";"5";"0";"0";"0";"0";"5";"0";"0";"0";"0";"0";"0";"0"
;;"26";"van der Wijk, N.H.F.";"22";"3";"0";"3";"0";"1";"2";"3";"2";"4";"0";"4";"0"
;;"27";"Verdaasdonk, I.";"2";"0";"0";"2";"0";"0";"0";"0";"0";"0";"0";"0";"0"
;;"28";"van Rossum, L.";"8";"1";"0";"2";"1";"1";"0";"1";"0";"0";"0";"0";"2"
;;"29";"Rongen, K.S.";"4";"0";"0";"2";"0";"1";"0";"0";"0";"0";"1";"0";"0"
;;"30";"van Hooft, J.W.H.";"2";"2";"0";"0";"0";"0";"0";"0";"0";"0";"0";"0";"0"
;;"31";"Cramer, A.";"0";"0";"0";"0";"0";"0";"0";"0";"0";"0";"0";"0";"0"
;;"32";"van Scheltinga, E.";"5";"0";"1";"1";"2";"1";"0";"0";"0";"0";"0";"0";"0"
;;"33";"van Unen, G.";"1";"0";"0";"0";"0";"0";"0";"0";"0";"0";"0";"1";"0"
;;"34";"Kuin, R.M.";"2";"1";"0";"0";"0";"0";"0";"0";"0";"0";"0";"0";"1"
;;"35";"Harris, D.C.";"0";"0";"0";"0";"0";"0";"0";"0";"0";"0";"0";"0";"0"
;;"36";"van der Veen, J.";"5";"2";"0";"3";"0";"0";"0";"0";"0";"0";"0";"0";"0"
;;"37";"Zandvliet, S.K.D.S.";"99";"19";"4";"19";"18";"0";"1";"6";"0";"0";"4";"4";"24"
;;"38";"Spanner, A.M.";"0";"0";"0";"0";"0";"0";"0";"0";"0";"0";"0";"0";"0"
;;"39";"Boer, M.I.";"2";"0";"0";"0";"0";"0";"0";"0";"0";"0";"1";"0";"1"
;;"40";"Ramesar, J.S.";"2";"0";"0";"0";"1";"1";"0";"0";"0";"0";"0";"0";"0"
;;"41";"ten Heuw, M.A.";"4";"0";"0";"2";"2";"0";"0";"0";"0";"0";"0";"0";"0"
;;"42";"van der Sluis, J.H.A.";"1";"1";"0";"0";"0";"0";"0";"0";"0";"0";"0";"0";"0"
;;"43";"Schelvis, A.";"0";"0";"0";"0";"0";"0";"0";"0";"0";"0";"0";"0";"0"
;;"44";"de Man, W.J.";"4";"0";"0";"2";"0";"0";"0";"0";"0";"2";"0";"0";"0"
;;"45";"Hendriks-Berg, A.M.G.";"4";"1";"0";"1";"0";"0";"0";"0";"1";"0";"0";"1";"0"
;;"46";"de Vries, E.";"0";"0";"0";"0";"0";"0";"0";"0";"0";"0";"0";"0";"0"
;;"47";"Eikenaar, E.";"5";"0";"0";"1";"0";"0";"1";"0";"0";"1";"0";"2";"0"
;;"48";"Clemens, J.M.M.";"1";"0";"0";"0";"1";"0";"0";"0";"0";"0";"0";"0";"0"
;;"49";"Courbois, P.A.O.";"5";"0";"0";"1";"0";"1";"0";"0";"0";"0";"0";"3";"0"
;;"50";"Leijten, R.M.";"175";"31";"12";"40";"17";"14";"5";"5";"8";"13";"9";"10";"11"
"7";"Forum voor Democratie";;;"7729";"972";"564";"1867";"1143";"547";"314";"454";"347";"416";"258";"373";"474"
;;"1";"Baudet, T.H.P.";"5136";"712";"360";"1277";"757";"390";"197";"271";"221";"268";"162";"225";"296"
;;"2";"Jansen, F.J.H.";"130";"14";"9";"17";"22";"9";"1";"16";"12";"5";"7";"10";"8"
;;"3";"van Meijeren, G.F.C.";"1719";"169";"150";"385";"250";"95";"81";"137";"75";"92";"68";"92";"125"
;;"4";"van Houwelingen, P.";"181";"22";"12";"51";"20";"13";"6";"9";"9";"9";"4";"12";"14"
;;"5";"Dekker, R.J.";"153";"19";"14";"28";"16";"11";"9";"8";"9";"14";"7";"8";"10"
;;"6";"de Vos, L.G.";"71";"8";"3";"9";"9";"6";"3";"2";"3";"10";"2";"8";"8"
;;"7";"Russcher, T.K.";"5";"2";"0";"1";"0";"0";"0";"0";"0";"1";"0";"1";"0"
;;"8";"Etalle, M.J.S.";"2";"0";"0";"0";"0";"1";"0";"0";"0";"0";"1";"0";"0"
;;"9";"Bakir, A.";"24";"3";"5";"12";"4";"0";"0";"0";"0";"0";"0";"0";"0"
;;"10";"Dessing, J.";"4";"0";"0";"1";"0";"1";"0";"0";"1";"0";"1";"0";"0"
;;"11";"Vastenhouw, J.";"3";"0";"1";"1";"1";"0";"0";"0";"0";"0";"0";"0";"0"
;;"12";"Al Biyati, I.";"6";"0";"1";"2";"1";"0";"0";"0";"0";"0";"1";"1";"0"
;;"13";"de Knegt, R.E.R.";"2";"0";"0";"0";"0";"0";"0";"0";"0";"0";"0";"2";"0"
;;"14";"Verstegen, P.J.T.";"1";"0";"0";"0";"0";"0";"0";"0";"0";"1";"0";"0";"0"
;;"15";"van Schijndel, A.H.J.W.";"0";"0";"0";"0";"0";"0";"0";"0";"0";"0";"0";"0";"0"
;;"16";"Antolini, B.M.";"1";"0";"0";"0";"1";"0";"0";"0";"0";"0";"0";"0";"0"
;;"17";"Bos, M.";"1";"0";"0";"0";"1";"0";"0";"0";"0";"0";"0";"0";"0"
;;"18";"Koopman, P.";"2";"0";"1";"0";"0";"1";"0";"0";"0";"0";"0";"0";"0"
;;"19";"van Asch, R.W.G.T.";"1";"0";"0";"0";"1";"0";"0";"0";"0";"0";"0";"0";"0"
;;"20";"van den Boomgaard, M.R.";"5";"0";"0";"4";"0";"0";"0";"1";"0";"0";"0";"0";"0"
;;"21";"Velzing, H.";"64";"0";"5";"46";"2";"1";"2";"2";"2";"1";"0";"2";"1"
;;"22";"Niessink, C.E.";"21";"2";"0";"2";"1";"1";"2";"2";"1";"10";"0";"0";"0"
;;"23";"Osseweijer, D.";"16";"5";"0";"0";"0";"0";"1";"1";"0";"0";"1";"6";"2"
;;"24";"Kleine, A.";"35";"1";"1";"6";"20";"3";"0";"0";"0";"0";"2";"0";"2"
;;"25";"Lubbers, A.E.";"19";"2";"1";"2";"2";"3";"0";"0";"7";"0";"0";"0";"2"
;;"26";"El Masoudi, F.";"19";"1";"0";"1";"13";"2";"0";"0";"0";"2";"0";"0";"0"
;;"27";"de Lange, A.K.";"0";"0";"0";"0";"0";"0";"0";"0";"0";"0";"0";"0";"0"
;;"28";"Hadderingh, B.S.T.";"6";"0";"1";"1";"2";"1";"0";"0";"1";"0";"0";"0";"0"
;;"29";"Wittebrood, J.C.";"1";"0";"0";"0";"1";"0";"0";"0";"0";"0";"0";"0";"0"
;;"30";"Bilgin, T.";"5";"0";"0";"0";"0";"0";"5";"0";"0";"0";"0";"0";"0"
;;"31";"Luurssen, G.A.A.";"0";"0";"0";"0";"0";"0";"0";"0";"0";"0";"0";"0";"0"
;;"32";"Minkels, J.D.";"0";"0";"0";"0";"0";"0";"0";"0";"0";"0";"0";"0";"0"
;;"33";"Heller, T.H.G.";"0";"0";"0";"0";"0";"0";"0";"0";"0";"0";"0";"0";"0"
;;"34";"Postuma, J.V.";"5";"1";"0";"1";"1";"1";"0";"0";"0";"0";"0";"0";"1"
;;"35";"Vos, A.V.B.";"21";"0";"0";"2";"11";"1";"1";"0";"3";"0";"1";"0";"2"
;;"36";"Hartman, M.";"1";"0";"0";"0";"0";"0";"0";"0";"1";"0";"0";"0";"0"
;;"37";"Panis, T.";"1";"0";"0";"0";"0";"0";"1";"0";"0";"0";"0";"0";"0"
;;"38";"van der Voort, J.A.";"1";"0";"0";"1";"0";"0";"0";"0";"0";"0";"0";"0";"0"
;;"39";"Nijman, M.";"0";"0";"0";"0";"0";"0";"0";"0";"0";"0";"0";"0";"0"
;;"40";"Wijngaard, M.M.";"2";"0";"0";"0";"0";"0";"1";"0";"0";"0";"0";"1";"0"
;;"41";"van Rij, S.";"1";"0";"0";"0";"0";"0";"0";"0";"0";"1";"0";"0";"0"
;;"42";"van Run, E.R.";"0";"0";"0";"0";"0";"0";"0";"0";"0";"0";"0";"0";"0"
;;"43";"van de Breevaart, J.O.";"11";"0";"0";"5";"3";"1";"0";"2";"0";"0";"0";"0";"0"
;;"44";"Schaap, D.V.";"1";"1";"0";"0";"0";"0";"0";"0";"0";"0";"0";"0";"0"
;;"45";"de Graaff, M.J.R.L.";"0";"0";"0";"0";"0";"0";"0";"0";"0";"0";"0";"0";"0"
;;"46";"Zwitser, T.";"30";"5";"0";"9";"1";"3";"3";"1";"1";"1";"0";"5";"1"
;;"47";"van den Oetelaar, J.C.M.";"1";"0";"0";"1";"0";"0";"0";"0";"0";"0";"0";"0";"0"
;;"48";"Kerseboom, S.";"11";"4";"0";"1";"1";"3";"0";"0";"0";"1";"1";"0";"0"
;;"49";"Cliteur, P.B.";"10";"1";"0";"1";"2";"0";"1";"2";"1";"0";"0";"0";"2"
"8";"Partij voor de Dieren";;;"5967";"900";"345";"846";"377";"483";"448";"352";"287";"506";"459";"535";"429"
;;"1";"Ouwehand, E.";"4265";"594";"261";"640";"279";"342";"314";"251";"221";"369";"333";"366";"295"
;;"2";"Kostić, I.";"281";"42";"11";"30";"13";"32";"17";"15";"15";"25";"32";"20";"29"
;;"3";"Teunissen, C.";"166";"24";"21";"15";"11";"12";"20";"6";"8";"10";"20";"11";"8"
;;"4";"Wassenberg, F.P.";"68";"16";"6";"11";"4";"3";"4";"4";"2";"4";"5";"3";"6"
;;"5";"Akerboom, E.S.";"119";"19";"7";"14";"10";"19";"7";"7";"9";"4";"11";"5";"7"
;;"6";"van Raan, L.";"41";"7";"0";"1";"2";"2";"2";"1";"3";"3";"6";"5";"9"
;;"7";"van Schaik, M.";"52";"10";"2";"5";"5";"7";"3";"4";"3";"7";"1";"2";"3"
;;"8";"Krijger, A.L.";"107";"23";"6";"9";"5";"13";"8";"3";"9";"6";"3";"13";"9"
;;"9";"Plusquin, P.S.M.L.";"18";"3";"3";"3";"0";"3";"0";"0";"1";"1";"1";"1";"2"
;;"10";"Groenewege, P.J.L.";"10";"1";"2";"2";"0";"1";"1";"1";"1";"0";"0";"0";"1"
;;"11";"van Heuven, M.";"4";"2";"0";"0";"0";"0";"0";"0";"0";"0";"2";"0";"0"
;;"12";"van Hassel, F.";"18";"1";"0";"3";"1";"1";"0";"1";"0";"5";"2";"2";"2"
;;"13";"Bunnik, R.J.";"16";"5";"0";"3";"1";"2";"0";"1";"0";"0";"3";"1";"0"
;;"14";"Schmeets, H.H.J.";"10";"3";"0";"0";"0";"0";"2";"0";"1";"0";"3";"1";"0"
;;"15";"Pınar, K.";"7";"0";"0";"1";"2";"0";"0";"0";"0";"3";"1";"0";"0"
;;"16";"Jones, M.G.";"8";"1";"2";"1";"0";"1";"1";"0";"0";"0";"0";"2";"0"
;;"17";"Bosma, J.";"354";"63";"10";"50";"14";"7";"26";"24";"6";"47";"11";"76";"20"
;;"18";"Barker, R.N.";"0";"0";"0";"0";"0";"0";"0";"0";"0";"0";"0";"0";"0"
;;"19";"van Wijlandt, K.";"5";"1";"0";"0";"1";"1";"0";"1";"0";"0";"0";"1";"0"
;;"20";"Batteau, J.M.";"5";"0";"0";"3";"0";"1";"0";"0";"1";"0";"0";"0";"0"
;;"21";"Hollebeek, J.P.";"3";"0";"0";"0";"2";"0";"1";"0";"0";"0";"0";"0";"0"
;;"22";"Dicke, I.M.";"6";"0";"0";"2";"0";"0";"1";"2";"0";"0";"0";"0";"1"
;;"23";"Salemans, B.R.";"3";"1";"0";"1";"0";"0";"0";"0";"0";"0";"1";"0";"0"
;;"24";"Bersch, F.";"5";"0";"1";"0";"1";"0";"0";"1";"0";"0";"1";"0";"1"
;;"25";"de Gram, F.";"1";"0";"0";"1";"0";"0";"0";"0";"0";"0";"0";"0";"0"
;;"26";"Krediet, L.";"36";"2";"1";"5";"2";"4";"6";"3";"2";"0";"0";"2";"9"
;;"27";"de Vos, D.J.C.";"10";"1";"0";"0";"2";"3";"0";"0";"0";"0";"3";"1";"0"
;;"28";"van der Velde, M.C.";"0";"0";"0";"0";"0";"0";"0";"0";"0";"0";"0";"0";"0"
;;"29";"van Viegen, A.H.K.";"3";"0";"0";"0";"2";"0";"0";"1";"0";"0";"0";"0";"0"
;;"30";"Gerritsen, L.";"3";"0";"1";"0";"0";"0";"0";"0";"0";"0";"1";"0";"1"
;;"31";"Veenstra, M.";"6";"0";"0";"1";"1";"1";"0";"0";"0";"0";"0";"1";"2"
;;"32";"Vlasveld, A.I.";"1";"0";"0";"0";"0";"0";"0";"0";"0";"0";"0";"1";"0"
;;"33";"Janssens, T.A.O.";"0";"0";"0";"0";"0";"0";"0";"0";"0";"0";"0";"0";"0"
;;"34";"Coşkun, Z.P.";"3";"2";"0";"1";"0";"0";"0";"0";"0";"0";"0";"0";"0"
;;"35";"van der Pluijm, L.C.";"4";"0";"0";"0";"0";"0";"0";"0";"0";"0";"1";"3";"0"
;;"36";"Peeks, S.J.";"245";"68";"7";"30";"12";"12";"30";"21";"4";"16";"16";"10";"19"
;;"37";"Pallandt, C.M.J.";"4";"0";"1";"1";"0";"0";"0";"0";"0";"0";"0";"1";"1"
;;"38";"Pechler, W.I.";"15";"3";"0";"1";"0";"0";"1";"2";"1";"3";"0";"3";"1"
;;"39";"van Lierop, J.";"3";"0";"1";"0";"1";"0";"0";"1";"0";"0";"0";"0";"0"
;;"40";"Spruit, V.";"1";"1";"0";"0";"0";"0";"0";"0";"0";"0";"0";"0";"0"
;;"41";"Kuijer, B.";"0";"0";"0";"0";"0";"0";"0";"0";"0";"0";"0";"0";"0"
;;"42";"Markandu, G.";"26";"4";"0";"5";"3";"9";"2";"0";"0";"0";"0";"2";"1"
;;"43";"Oudshoorn, J.";"0";"0";"0";"0";"0";"0";"0";"0";"0";"0";"0";"0";"0"
;;"44";"Hanoeman, R.R.";"3";"0";"0";"0";"1";"1";"0";"0";"0";"0";"0";"0";"1"
;;"45";"Samshuijzen, E.";"1";"0";"0";"1";"0";"0";"0";"0";"0";"0";"0";"0";"0"
;;"46";"Brouwer, M.";"4";"0";"1";"0";"0";"0";"1";"0";"0";"1";"1";"0";"0"
;;"47";"Onderdelinden, S.E.";"1";"0";"0";"0";"0";"1";"0";"0";"0";"0";"0";"0";"0"
;;"48";"Rozema, J.G.";"2";"0";"0";"1";"0";"1";"0";"0";"0";"0";"0";"0";"0"
;;"49";"van de Peppel, S.";"3";"0";"0";"0";"0";"1";"0";"1";"0";"0";"0";"1";"0"
;;"50";"Minnaert, X.D.E.";"21";"3";"1";"5";"2";"3";"1";"1";"0";"2";"1";"1";"1"
"9";"ChristenUnie";;;"8541";"2191";"255";"969";"1386";"822";"245";"312";"390";"577";"223";"625";"546"
;;"1";"Bikker, M.H.";"5926";"1362";"191";"712";"1095";"594";"161";"216";"292";"353";"173";"378";"399"
;;"2";"Grinwis, P.A.";"114";"26";"4";"14";"14";"14";"6";"7";"10";"5";"3";"7";"4"
;;"3";"Ceder, D.G.M.";"162";"43";"3";"16";"25";"27";"2";"5";"9";"5";"3";"11";"13"
;;"4";"te Rietstap, A.H.";"143";"26";"14";"27";"30";"25";"0";"1";"8";"1";"3";"2";"6"
;;"5";"Gooijer-Medema, J.K.";"76";"14";"0";"10";"12";"11";"3";"0";"3";"8";"4";"4";"7"
;;"6";"Drost, N.";"49";"10";"2";"8";"6";"3";"3";"3";"2";"2";"1";"6";"3"
;;"7";"Holtman, T.S.";"19";"7";"1";"3";"6";"1";"0";"1";"0";"0";"0";"0";"0"
;;"8";"Otter-van den Bosch, C.";"23";"1";"2";"3";"1";"5";"0";"2";"1";"1";"3";"1";"3"
;;"9";"van der Graaf, S.J.F.";"1318";"375";"21";"105";"124";"98";"45";"61";"46";"169";"17";"182";"75"
;;"10";"Klein, M.C.A.";"8";"0";"0";"4";"0";"0";"1";"1";"0";"0";"2";"0";"0"
;;"11";"Niesink, C.C.M.";"38";"12";"1";"3";"4";"4";"2";"1";"1";"5";"4";"1";"0"
;;"12";"Setz, J.N.";"379";"257";"5";"22";"21";"5";"13";"7";"6";"13";"2";"8";"20"
;;"13";"van der Krift, H.J.C.";"5";"2";"0";"2";"1";"0";"0";"0";"0";"0";"0";"0";"0"
;;"14";"Langen, A.L.";"3";"1";"1";"0";"0";"0";"1";"0";"0";"0";"0";"0";"0"
;;"15";"Koppejan, E.J.A.";"2";"1";"0";"0";"0";"0";"0";"0";"0";"0";"1";"0";"0"
;;"16";"van Wageningen, E.";"7";"3";"0";"0";"1";"1";"0";"0";"0";"0";"0";"2";"0"
;;"17";"Tijhof, B.D.";"2";"0";"0";"0";"2";"0";"0";"0";"0";"0";"0";"0";"0"
;;"18";"de Reus, W.T.";"2";"1";"0";"1";"0";"0";"0";"0";"0";"0";"0";"0";"0"
;;"19";"Mbwete, N.A.G.";"5";"1";"0";"0";"1";"1";"0";"0";"0";"1";"0";"1";"0"
;;"20";"Treurniet, M.";"14";"1";"0";"1";"1";"0";"3";"0";"0";"3";"1";"2";"2"
;;"21";"Palland, A.S.";"8";"0";"1";"2";"2";"0";"0";"1";"0";"0";"0";"1";"1"
;;"22";"Westerbeek, A.E.";"17";"2";"1";"1";"2";"2";"1";"0";"2";"1";"0";"3";"2"
;;"23";"Muilwijk, I.";"3";"1";"0";"1";"1";"0";"0";"0";"0";"0";"0";"0";"0"
;;"24";"Westerink-Petersen, J.";"4";"0";"0";"0";"0";"1";"0";"0";"1";"1";"0";"0";"1"
;;"25";"Dijkstra-Verbeek, I.A.W.";"1";"1";"0";"0";"0";"0";"0";"0";"0";"0";"0";"0";"0"
;;"26";"van den Berg, G.";"2";"0";"0";"1";"0";"1";"0";"0";"0";"0";"0";"0";"0"
;;"27";"Broekmaat-Hagens, A.W.";"4";"2";"0";"0";"2";"0";"0";"0";"0";"0";"0";"0";"0"
;;"28";"de Haan, M.E.";"4";"0";"0";"2";"0";"0";"0";"0";"1";"0";"0";"1";"0"
;;"29";"Koerts, A.J.";"0";"0";"0";"0";"0";"0";"0";"0";"0";"0";"0";"0";"0"
;;"30";"Roor-Wubs, A.E.";"4";"0";"0";"0";"0";"1";"0";"1";"2";"0";"0";"0";"0"
;;"31";"Verweij, J.P.";"1";"0";"1";"0";"0";"0";"0";"0";"0";"0";"0";"0";"0"
;;"32";"Paalman-Dijkenga, I.M.";"8";"2";"0";"1";"1";"0";"0";"0";"0";"3";"1";"0";"0"
;;"33";"Kumar, A.D.J.M.";"2";"1";"0";"1";"0";"0";"0";"0";"0";"0";"0";"0";"0"
;;"34";"Kerklaan-van der Beek, E.M.";"3";"0";"0";"0";"1";"0";"0";"0";"0";"1";"0";"1";"0"
;;"35";"Visser, J.A.";"1";"0";"0";"0";"1";"0";"0";"0";"0";"0";"0";"0";"0"
;;"36";"van der Pol, L.A.";"4";"0";"1";"1";"0";"0";"0";"0";"1";"0";"0";"0";"1"
;;"37";"Oudman, A.G.";"13";"5";"0";"2";"0";"3";"0";"0";"0";"1";"0";"2";"0"
;;"38";"van der Zande, J.M.";"1";"1";"0";"0";"0";"0";"0";"0";"0";"0";"0";"0";"0"
;;"39";"Grandia, G.C.";"1";"0";"0";"0";"1";"0";"0";"0";"0";"0";"0";"0";"0"
;;"40";"van Oordt-Jonckheere, S.";"5";"1";"0";"0";"2";"1";"0";"0";"0";"0";"0";"1";"0"
;;"41";"Cornelissen, B.";"0";"0";"0";"0";"0";"0";"0";"0";"0";"0";"0";"0";"0"
;;"42";"Nede, N.N.";"0";"0";"0";"0";"0";"0";"0";"0";"0";"0";"0";"0";"0"
;;"43";"Schutte, J.W.";"2";"1";"0";"0";"0";"0";"0";"0";"1";"0";"0";"0";"0"
;;"44";"van Dijk, G.G.";"2";"0";"0";"0";"2";"0";"0";"0";"0";"0";"0";"0";"0"
;;"45";"Adema, P.";"6";"1";"0";"0";"0";"1";"0";"3";"0";"0";"0";"1";"0"
;;"46";"Bosman, F.G.";"1";"1";"0";"0";"0";"0";"0";"0";"0";"0";"0";"0";"0"
;;"47";"Hoogenboom, E.";"10";"1";"0";"1";"2";"3";"0";"0";"1";"1";"0";"1";"0"
;;"48";"Stoorvogel, H.";"77";"11";"3";"19";"18";"13";"0";"1";"0";"2";"3";"0";"7"
;;"49";"van den Berg, R.C.";"12";"6";"1";"1";"0";"1";"1";"1";"1";"0";"0";"0";"0"
;;"50";"de Graaf, B.A.";"50";"11";"2";"5";"7";"6";"3";"0";"2";"1";"2";"9";"2"
"10";"Volt";;;"3254";"587";"167";"378";"199";"351";"245";"119";"155";"280";"160";"409";"204"
;;"1";"Dassen, L.A.J.M.";"1805";"309";"99";"227";"109";"184";"122";"61";"91";"141";"100";"250";"112"
;;"2";"Koekkoek, M.";"630";"124";"31";"73";"40";"86";"54";"32";"31";"42";"27";"56";"34"
;;"3";"Boutkan, E.";"17";"5";"2";"2";"1";"1";"0";"0";"2";"0";"4";"0";"0"
;;"4";"Elfilali, I.";"66";"12";"1";"10";"5";"12";"3";"1";"3";"5";"6";"6";"2"
;;"5";"Hagoort, M.B.J.";"8";"1";"0";"1";"0";"1";"0";"1";"0";"3";"0";"1";"0"
;;"6";"Frijters, R.M.J.";"46";"12";"2";"2";"6";"9";"3";"3";"2";"2";"1";"2";"2"
;;"7";"de Boer, R.W.";"6";"0";"0";"2";"0";"0";"0";"0";"0";"2";"0";"2";"0"
;;"8";"van der Lugt, S.";"43";"6";"3";"6";"1";"7";"4";"0";"7";"2";"1";"3";"3"
;;"9";"Beijnon, B.";"8";"1";"1";"0";"0";"2";"0";"0";"1";"2";"0";"1";"0"
;;"10";"Twickler, R.";"504";"106";"18";"43";"23";"21";"55";"19";"12";"75";"12";"82";"38"
;;"11";"Ercan, C.";"60";"2";"4";"6";"8";"20";"1";"2";"5";"0";"4";"5";"3"
;;"12";"Hamel, J.E.R.";"15";"1";"4";"2";"1";"2";"0";"0";"1";"1";"1";"0";"2"
;;"13";"van Ewijk, W.H.E.";"1";"0";"0";"0";"0";"0";"0";"0";"0";"0";"1";"0";"0"
;;"14";"van Laar, S.A.";"14";"1";"0";"2";"1";"0";"0";"0";"0";"3";"1";"1";"5"
;;"15";"Tai, M.T.";"2";"0";"0";"0";"0";"0";"0";"0";"0";"1";"0";"0";"1"
;;"16";"Pajak, V.L.";"5";"2";"0";"1";"1";"0";"1";"0";"0";"0";"0";"0";"0"
;;"17";"Eigenhuis, F.";"4";"1";"1";"0";"0";"0";"1";"0";"0";"1";"0";"0";"0"
;;"18";"Verbeek, E.L.I.";"5";"0";"0";"0";"2";"1";"0";"0";"0";"0";"1";"0";"1"
;;"19";"Hemmes, B.J.A.";"1";"0";"0";"0";"0";"1";"0";"0";"0";"0";"0";"0";"0"
;;"20";"Elsinga, D.";"5";"1";"0";"0";"0";"2";"1";"0";"0";"0";"0";"0";"1"
;;"21";"Dreteler, S.J.";"9";"3";"1";"1";"1";"2";"0";"0";"0";"0";"1";"0";"0"
"11";"JA21";;;"1993";"267";"137";"402";"270";"160";"112";"105";"121";"117";"78";"112";"112"
;;"1";"Eerdmans, B.J.";"1400";"170";"106";"255";"207";"114";"79";"81";"97";"77";"58";"75";"81"
;;"2";"Nanninga, A.";"256";"49";"11";"40";"27";"30";"14";"13";"12";"22";"9";"13";"16"
;;"3";"Ceulemans, S.";"7";"3";"0";"1";"0";"0";"0";"0";"1";"0";"1";"0";"1"
;;"4";"Bakker-Derks, E.H.M.";"29";"4";"1";"6";"3";"3";"3";"0";"1";"2";"1";"4";"1"
;;"5";"van Doorn, D.M.A.";"1";"0";"0";"0";"0";"0";"0";"0";"0";"0";"1";"0";"0"
;;"6";"Goudzwaard, M.";"22";"3";"1";"2";"1";"2";"1";"0";"0";"3";"0";"5";"4"
;;"7";"Schyns, P.F.M.";"3";"1";"0";"0";"2";"0";"0";"0";"0";"0";"0";"0";"0"
;;"8";"Uiterwijk, K.";"9";"3";"0";"0";"3";"1";"0";"0";"0";"0";"0";"1";"1"
;;"9";"Dijksterhuis, R.G.";"3";"0";"1";"1";"0";"0";"0";"0";"0";"1";"0";"0";"0"
;;"10";"van den Berg, D.J.";"3";"1";"0";"2";"0";"0";"0";"0";"0";"0";"0";"0";"0"
;;"11";"Omlo, H.";"130";"5";"11";"69";"14";"3";"5";"6";"7";"0";"1";"4";"5"
;;"12";"Hesselink, S.W.J.";"2";"0";"1";"0";"0";"0";"0";"0";"0";"0";"1";"0";"0"
;;"13";"Nuijten, K.";"0";"0";"0";"0";"0";"0";"0";"0";"0";"0";"0";"0";"0"
;;"14";"Roos, S.M.";"5";"0";"1";"0";"1";"1";"1";"0";"0";"0";"0";"1";"0"
;;"15";"Soltani, M.";"3";"0";"0";"2";"0";"0";"0";"0";"0";"1";"0";"0";"0"
;;"16";"Baten, L.C.C.";"0";"0";"0";"0";"0";"0";"0";"0";"0";"0";"0";"0";"0"
;;"17";"Kövi, J.J.H.M.";"0";"0";"0";"0";"0";"0";"0";"0";"0";"0";"0";"0";"0"
;;"18";"Wilson, L.";"0";"0";"0";"0";"0";"0";"0";"0";"0";"0";"0";"0";"0"
;;"19";"van Vugt, T.";"2";"0";"0";"2";"0";"0";"0";"0";"0";"0";"0";"0";"0"
;;"20";"Wanders, A.M.J.M.";"2";"0";"1";"1";"0";"0";"0";"0";"0";"0";"0";"0";"0"
;;"21";"Lodders, I.A.G.";"3";"0";"0";"0";"1";"0";"0";"0";"0";"1";"0";"1";"0"
;;"22";"Vos, L.L.";"3";"0";"0";"0";"3";"0";"0";"0";"0";"0";"0";"0";"0"
;;"23";"Kauffmann, F.W.";"0";"0";"0";"0";"0";"0";"0";"0";"0";"0";"0";"0";"0"
;;"24";"de Rijke, W.M.";"80";"23";"3";"13";"7";"5";"5";"3";"2";"6";"6";"6";"1"
;;"25";"Hogendoorn, G.A.M.";"2";"1";"0";"1";"0";"0";"0";"0";"0";"0";"0";"0";"0"
;;"26";"Gordijn, C.";"5";"1";"0";"2";"0";"0";"0";"0";"0";"1";"0";"1";"0"
;;"27";"Bloemenkamp, J.H.";"4";"0";"0";"1";"0";"0";"1";"1";"1";"0";"0";"0";"0"
;;"28";"Waitz, J.W.A.";"5";"0";"0";"1";"0";"0";"1";"0";"0";"3";"0";"0";"0"
;;"29";"Veenvliet, A.";"0";"0";"0";"0";"0";"0";"0";"0";"0";"0";"0";"0";"0"
;;"30";"Koetje, J.M.";"7";"1";"0";"2";"0";"0";"1";"1";"0";"0";"0";"1";"1"
;;"31";"Buijs, M.";"0";"0";"0";"0";"0";"0";"0";"0";"0";"0";"0";"0";"0"
;;"32";"Buijt, R.";"0";"0";"0";"0";"0";"0";"0";"0";"0";"0";"0";"0";"0"
;;"33";"Kersten, J.J.M.";"1";"0";"0";"0";"0";"0";"1";"0";"0";"0";"0";"0";"0"
;;"34";"de Groot, G.P.J.";"0";"0";"0";"0";"0";"0";"0";"0";"0";"0";"0";"0";"0"
;;"35";"Hieralal, K.";"0";"0";"0";"0";"0";"0";"0";"0";"0";"0";"0";"0";"0"
;;"36";"Blijlevens, R.P.";"0";"0";"0";"0";"0";"0";"0";"0";"0";"0";"0";"0";"0"
;;"37";"Pastors, M.G.T.";"0";"0";"0";"0";"0";"0";"0";"0";"0";"0";"0";"0";"0"
;;"38";"Fortuijn, S.A.F.";"6";"2";"0";"1";"1";"1";"0";"0";"0";"0";"0";"0";"1"
"12";"Staatkundig Gereformeerde Partij (SGP)";;;"2569";"424";"152";"315";"714";"157";"43";"111";"155";"107";"83";"75";"233"
;;"1";"Stoffer, C.";"2221";"384";"137";"277";"597";"138";"37";"102";"127";"88";"64";"68";"202"
;;"2";"van Dijk, D.J.H.";"51";"9";"0";"9";"8";"1";"0";"0";"8";"2";"4";"3";"7"
;;"3";"Flach, A.J.";"27";"3";"1";"3";"3";"3";"1";"1";"3";"5";"3";"1";"0"
;;"4";"Middelkoop, P.N.";"55";"4";"3";"7";"14";"6";"1";"1";"7";"3";"5";"1";"3"
;;"5";"Vroegindeweij, W.J.";"9";"1";"1";"1";"1";"1";"0";"1";"0";"0";"2";"1";"0"
;;"6";"van der Maas, A.J.";"0";"0";"0";"0";"0";"0";"0";"0";"0";"0";"0";"0";"0"
;;"7";"van der Wind, H.J.";"5";"0";"0";"0";"3";"0";"0";"0";"0";"2";"0";"0";"0"
;;"8";"Both, D.D.";"1";"0";"0";"0";"1";"0";"0";"0";"0";"0";"0";"0";"0"
;;"9";"Kloosterman, J.";"3";"1";"1";"0";"0";"0";"0";"1";"0";"0";"0";"0";"0"
;;"10";"van Heijst, R.C.";"2";"1";"0";"0";"0";"0";"0";"0";"0";"0";"0";"0";"1"
;;"11";"van der Wulp, A.D.";"3";"0";"0";"2";"1";"0";"0";"0";"0";"0";"0";"0";"0"
;;"12";"Polinder, H.J.";"22";"10";"0";"2";"4";"0";"0";"0";"3";"1";"0";"0";"2"
;;"13";"Slingerland, M.";"4";"0";"1";"1";"1";"0";"0";"0";"0";"0";"0";"0";"1"
;;"14";"van Duijn, W.J.";"3";"0";"0";"2";"1";"0";"0";"0";"0";"0";"0";"0";"0"
;;"15";"Barth, L.G.I.";"0";"0";"0";"0";"0";"0";"0";"0";"0";"0";"0";"0";"0"
;;"16";"Lukasse, J.";"0";"0";"0";"0";"0";"0";"0";"0";"0";"0";"0";"0";"0"
;;"17";"Tanis, J.P.";"1";"0";"0";"0";"0";"0";"0";"0";"0";"0";"1";"0";"0"
;;"18";"Bosma, E.G.";"5";"1";"1";"2";"1";"0";"0";"0";"0";"0";"0";"0";"0"
;;"19";"Schipaanboord, G.P.";"2";"0";"0";"0";"1";"1";"0";"0";"0";"0";"0";"0";"0"
;;"20";"Veldman, J.D.";"1";"0";"0";"0";"1";"0";"0";"0";"0";"0";"0";"0";"0"
;;"21";"Hartog, J.";"13";"3";"0";"0";"0";"1";"2";"0";"0";"4";"0";"0";"3"
;;"22";"Koekoek, J.T.";"102";"3";"4";"7";"74";"1";"0";"2";"1";"1";"1";"0";"8"
;;"23";"de Knegt, L.";"0";"0";"0";"0";"0";"0";"0";"0";"0";"0";"0";"0";"0"
;;"24";"van Leeuwen, G.R.";"3";"0";"0";"0";"1";"0";"0";"0";"2";"0";"0";"0";"0"
;;"25";"Bakker, T.";"2";"0";"0";"1";"1";"0";"0";"0";"0";"0";"0";"0";"0"
;;"26";"Kok, W.H.";"1";"1";"0";"0";"0";"0";"0";"0";"0";"0";"0";"0";"0"
;;"27";"van Westreenen, S.";"3";"1";"1";"0";"0";"0";"0";"1";"0";"0";"0";"0";"0"
;;"28";"Noordergraaf, P.T.";"0";"0";"0";"0";"0";"0";"0";"0";"0";"0";"0";"0";"0"
;;"29";"Boersma, A.";"0";"0";"0";"0";"0";"0";"0";"0";"0";"0";"0";"0";"0"
;;"30";"Talen, L.";"14";"0";"0";"1";"1";"5";"0";"0";"2";"1";"2";"1";"1"
;;"31";"van de Waerdt, C.J.";"1";"0";"1";"0";"0";"0";"0";"0";"0";"0";"0";"0";"0"
;;"32";"Bulten, H.G.";"6";"0";"1";"0";"0";"0";"2";"0";"0";"0";"0";"0";"3"
;;"33";"Versteeg, A.";"0";"0";"0";"0";"0";"0";"0";"0";"0";"0";"0";"0";"0"
;;"34";"Kisteman, L.";"2";"0";"0";"0";"0";"0";"0";"0";"2";"0";"0";"0";"0"
;;"35";"van Bruchem, L.";"0";"0";"0";"0";"0";"0";"0";"0";"0";"0";"0";"0";"0"
;;"36";"van den Dikkenberg, L.C.";"1";"0";"0";"0";"0";"0";"0";"1";"0";"0";"0";"0";"0"
;;"37";"Herweijer, H.";"1";"0";"0";"0";"0";"0";"0";"0";"0";"0";"1";"0";"0"
;;"38";"van Laar, G.J.";"1";"0";"0";"0";"0";"0";"0";"1";"0";"0";"0";"0";"0"
;;"39";"Scheppink, A.J.";"1";"1";"0";"0";"0";"0";"0";"0";"0";"0";"0";"0";"0"
;;"40";"van Heteren, R.";"0";"0";"0";"0";"0";"0";"0";"0";"0";"0";"0";"0";"0"
;;"41";"van den Belt, B.";"0";"0";"0";"0";"0";"0";"0";"0";"0";"0";"0";"0";"0"
;;"42";"van Iwaarden, D.";"1";"1";"0";"0";"0";"0";"0";"0";"0";"0";"0";"0";"0"
;;"43";"van Tuijl, L.O.";"0";"0";"0";"0";"0";"0";"0";"0";"0";"0";"0";"0";"0"
;;"44";"Proos, A.J.";"2";"0";"0";"0";"0";"0";"0";"0";"0";"0";"0";"0";"2"
"13";"DENK";;;"1487";"365";"59";"404";"193";"260";"42";"17";"27";"21";"17";"36";"46"
;;"1";"van Baarle, S.R.T.";"1068";"258";"46";"290";"135";"188";"30";"14";"22";"15";"12";"27";"31"
;;"2";"Ergin, D.A.";"83";"16";"4";"29";"25";"4";"2";"0";"0";"0";"0";"0";"3"
;;"3";"El Abassi, I.";"85";"18";"2";"18";"8";"28";"2";"0";"3";"2";"1";"2";"1"
;;"4";"Alrubey, A.";"88";"32";"5";"10";"6";"19";"3";"1";"1";"2";"1";"2";"6"
;;"5";"Gün, E.";"14";"2";"0";"4";"1";"2";"0";"1";"0";"0";"2";"0";"2"
;;"6";"Usta, Y.";"17";"2";"0";"5";"7";"0";"2";"0";"0";"0";"0";"0";"1"
;;"7";"Rijssel, N.E.";"18";"4";"0";"3";"5";"4";"0";"0";"0";"0";"1";"1";"0"
;;"8";"Maroof, A.";"5";"3";"0";"0";"0";"0";"0";"1";"0";"0";"0";"1";"0"
;;"9";"Mac Intosch, G.J.";"1";"0";"0";"0";"0";"0";"0";"0";"0";"0";"0";"0";"1"
;;"10";"Safranti, M.";"3";"0";"0";"2";"0";"0";"0";"0";"0";"0";"0";"0";"1"
;;"11";"Bayrakci, Y.C.";"2";"2";"0";"0";"0";"0";"0";"0";"0";"0";"0";"0";"0"
;;"12";"Ghazi, M.I.";"4";"2";"0";"1";"1";"0";"0";"0";"0";"0";"0";"0";"0"
;;"13";"Özçelik, S.";"13";"5";"0";"5";"1";"2";"0";"0";"0";"0";"0";"0";"0"
;;"14";"Kaya, A.";"19";"5";"0";"13";"0";"0";"0";"0";"0";"0";"0";"1";"0"
;;"15";"Konuksever-Tekin, A.";"4";"2";"0";"0";"0";"1";"0";"0";"0";"0";"0";"1";"0"
;;"16";"Fkihi, O.";"1";"0";"0";"1";"0";"0";"0";"0";"0";"0";"0";"0";"0"
;;"17";"Çetinkaya, T.";"7";"1";"0";"4";"0";"2";"0";"0";"0";"0";"0";"0";"0"
;;"18";"Şahin, E.";"8";"3";"0";"1";"0";"4";"0";"0";"0";"0";"0";"0";"0"
;;"19";"Kahramanoğlu, C.";"0";"0";"0";"0";"0";"0";"0";"0";"0";"0";"0";"0";"0"
;;"20";"Kaplan, Ç.";"4";"1";"0";"2";"0";"0";"0";"0";"0";"1";"0";"0";"0"
;;"21";"Manhoef, E.E.";"4";"1";"1";"1";"1";"0";"0";"0";"0";"0";"0";"0";"0"
;;"22";"Tan, C.";"0";"0";"0";"0";"0";"0";"0";"0";"0";"0";"0";"0";"0"
;;"23";"Kondu, F.";"0";"0";"0";"0";"0";"0";"0";"0";"0";"0";"0";"0";"0"
;;"24";"Şimşek, J.I.";"0";"0";"0";"0";"0";"0";"0";"0";"0";"0";"0";"0";"0"
;;"25";"Ileri, F.";"2";"1";"0";"1";"0";"0";"0";"0";"0";"0";"0";"0";"0"
;;"26";"Buyatui, H.";"1";"1";"0";"0";"0";"0";"0";"0";"0";"0";"0";"0";"0"
;;"27";"van Burik, M.";"1";"0";"0";"1";"0";"0";"0";"0";"0";"0";"0";"0";"0"
;;"28";"Muradin, N.";"2";"0";"0";"0";"0";"0";"2";"0";"0";"0";"0";"0";"0"
;;"29";"Delener, I.";"1";"0";"0";"0";"0";"1";"0";"0";"0";"0";"0";"0";"0"
;;"30";"Sodirijo, S.D.";"3";"0";"0";"0";"0";"1";"1";"0";"0";"1";"0";"0";"0"
;;"31";"Ağirbaş, A.";"0";"0";"0";"0";"0";"0";"0";"0";"0";"0";"0";"0";"0"
;;"32";"Özcan, R.";"4";"0";"0";"2";"1";"0";"0";"0";"0";"0";"0";"1";"0"
;;"33";"Tangali, M.J.";"1";"0";"0";"0";"0";"1";"0";"0";"0";"0";"0";"0";"0"
;;"34";"Othman, R.";"3";"0";"0";"1";"0";"1";"0";"0";"1";"0";"0";"0";"0"
;;"35";"Yildirim, A.";"1";"0";"0";"0";"0";"1";"0";"0";"0";"0";"0";"0";"0"
;;"36";"Akhatab, N.";"0";"0";"0";"0";"0";"0";"0";"0";"0";"0";"0";"0";"0"
;;"37";"Ben Touhami, M.";"3";"0";"0";"3";"0";"0";"0";"0";"0";"0";"0";"0";"0"
;;"38";"Bal, M.I.";"2";"1";"0";"0";"1";"0";"0";"0";"0";"0";"0";"0";"0"
;;"39";"Pancar, Ş.";"1";"0";"1";"0";"0";"0";"0";"0";"0";"0";"0";"0";"0"
;;"40";"Akça, S.";"0";"0";"0";"0";"0";"0";"0";"0";"0";"0";"0";"0";"0"
;;"41";"Dokgöz, Ş.";"5";"0";"0";"4";"1";"0";"0";"0";"0";"0";"0";"0";"0"
;;"42";"Icar, N.";"2";"2";"0";"0";"0";"0";"0";"0";"0";"0";"0";"0";"0"
;;"43";"Khan, S.Y.";"2";"1";"0";"0";"0";"1";"0";"0";"0";"0";"0";"0";"0"
;;"44";"Sungur, M.";"0";"0";"0";"0";"0";"0";"0";"0";"0";"0";"0";"0";"0"
;;"45";"Koyuncu, S.";"0";"0";"0";"0";"0";"0";"0";"0";"0";"0";"0";"0";"0"
;;"46";"Achbar, F.";"5";"2";"0";"3";"0";"0";"0";"0";"0";"0";"0";"0";"0"
"14";"50PLUS";;;"1470";"223";"81";"406";"145";"102";"60";"79";"61";"94";"48";"78";"93"
;;"1";"van Hooft, G.O.P.C.";"743";"109";"42";"201";"76";"46";"35";"39";"39";"48";"24";"43";"41"
;;"2";"van Rooij, M.G.J.H.";"43";"5";"2";"16";"6";"3";"1";"2";"1";"5";"1";"0";"1"
;;"3";"Brouwers, J.F.X.M.";"14";"1";"1";"6";"0";"0";"0";"1";"0";"0";"1";"2";"2"
;;"4";"Hoek, W.M.M.";"205";"38";"10";"36";"28";"13";"8";"10";"8";"20";"8";"11";"15"
;;"5";"van Acquoij, R.H.";"10";"2";"1";"5";"0";"0";"0";"0";"0";"1";"0";"0";"1"
;;"6";"Hernández Martínez, A.";"44";"7";"0";"12";"5";"10";"0";"4";"1";"2";"0";"0";"3"
;;"7";"Fonhof, G.J.";"170";"40";"8";"21";"9";"11";"10";"6";"9";"11";"7";"13";"25"
;;"8";"van Tilborg, H.C.A.M.";"5";"1";"0";"0";"0";"1";"0";"1";"0";"0";"2";"0";"0"
;;"9";"van Orsouw, J.H.T.";"2";"0";"1";"0";"0";"0";"0";"0";"0";"0";"0";"1";"0"
;;"10";"Faassen, A.G.";"3";"0";"0";"1";"1";"0";"0";"0";"0";"1";"0";"0";"0"
;;"11";"Hessing, J.C.";"2";"0";"0";"1";"0";"0";"0";"0";"0";"0";"0";"0";"1"
;;"12";"Jablonski, J.";"4";"0";"1";"0";"1";"1";"0";"0";"0";"0";"1";"0";"0"
;;"13";"Bongers, J.W.M.";"2";"0";"0";"1";"0";"0";"0";"0";"0";"1";"0";"0";"0"
;;"14";"Franse, A.H.";"2";"1";"0";"0";"0";"1";"0";"0";"0";"0";"0";"0";"0"
;;"15";"van Loon, J.C.A.";"5";"1";"0";"0";"1";"1";"0";"0";"0";"0";"1";"1";"0"
;;"16";"de Kruif, F.N.J.";"2";"0";"0";"0";"1";"1";"0";"0";"0";"0";"0";"0";"0"
;;"17";"van Es, J.W.";"6";"1";"0";"1";"1";"1";"0";"0";"0";"0";"1";"0";"1"
;;"18";"Biever, R.M.";"2";"0";"0";"1";"0";"1";"0";"0";"0";"0";"0";"0";"0"
;;"19";"Hamersma, K.";"27";"3";"2";"3";"1";"2";"5";"2";"0";"4";"0";"5";"0"
;;"20";"Hornis, M.P.";"164";"8";"13";"98";"13";"8";"1";"13";"3";"1";"2";"1";"3"
;;"21";"van Aert, J.L.";"0";"0";"0";"0";"0";"0";"0";"0";"0";"0";"0";"0";"0"
;;"22";"Vriens, M.F.L.";"1";"0";"0";"0";"0";"0";"0";"0";"0";"0";"0";"1";"0"
;;"23";"Voets, J.J.M.";"2";"1";"0";"1";"0";"0";"0";"0";"0";"0";"0";"0";"0"
;;"24";"Hendriks, J.";"12";"5";"0";"2";"2";"2";"0";"1";"0";"0";"0";"0";"0"
"15";"BBB";;;"28602";"1903";"2983";"4531";"2829";"1464";"1711";"1795";"2776";"1714";"2001";"1399";"3496"
;;"1";"van der Plas, C.A.M.";"22610";"1413";"2432";"3613";"2291";"1071";"1360";"1384";"2213";"1393";"1610";"1107";"2723"
;;"2";"Keijzer, M.C.G.";"2225";"175";"218";"302";"252";"103";"142";"115";"219";"138";"147";"118";"296"
;;"3";"Tuinman, G.P.";"235";"26";"21";"28";"22";"16";"13";"16";"19";"8";"27";"11";"28"
;;"4";"Vermeer, H.";"87";"2";"8";"14";"12";"7";"3";"6";"8";"4";"6";"4";"13"
;;"5";"Helder, L.M.J.S.";"81";"8";"5";"18";"9";"2";"6";"6";"6";"7";"2";"1";"11"
;;"6";"Pierik, C.R.";"131";"4";"22";"4";"16";"12";"3";"5";"30";"3";"16";"4";"12"
;;"7";"van Zanten, C.R.";"58";"3";"3";"12";"8";"2";"1";"2";"5";"6";"3";"6";"7"
;;"8";"Rummenie, J.F.";"7";"2";"0";"1";"0";"0";"0";"0";"2";"0";"0";"0";"2"
;;"9";"Pouw-Verweij, N.J.F.";"102";"10";"12";"12";"12";"4";"2";"5";"16";"5";"6";"6";"12"
;;"10";"Rikkers-Oosterkamp, M.G.F.";"238";"23";"8";"20";"13";"15";"9";"11";"24";"27";"48";"15";"25"
;;"11";"Wijen-Nass, M.J.M.H.";"23";"1";"6";"2";"4";"1";"1";"2";"2";"1";"1";"0";"2"
;;"12";"Oostenbrink, M.";"21";"2";"3";"6";"2";"0";"0";"0";"2";"1";"2";"2";"1"
;;"13";"Rekers, J.D.";"19";"1";"4";"6";"1";"0";"0";"1";"0";"1";"1";"1";"3"
;;"14";"Hendriks, A.J.";"17";"0";"2";"1";"6";"0";"0";"1";"1";"1";"0";"1";"4"
;;"15";"Govaert, C.A.H.M.";"22";"5";"3";"3";"1";"0";"2";"1";"0";"2";"1";"3";"1"
;;"16";"van Vliet, L.R.";"70";"4";"8";"14";"7";"7";"3";"1";"15";"2";"4";"0";"5"
;;"17";"Hemmen, H.M.";"731";"29";"67";"286";"18";"3";"52";"161";"8";"24";"8";"41";"34"
;;"18";"van Vuuren, C.H.";"21";"2";"3";"2";"0";"0";"2";"1";"2";"0";"3";"2";"4"
;;"19";"van der Meer, S.";"655";"31";"35";"57";"88";"147";"18";"9";"116";"17";"49";"9";"79"
;;"20";"Stoop, C.J.";"6";"1";"2";"2";"1";"0";"0";"0";"0";"0";"0";"0";"0"
;;"21";"van Veen, A.";"8";"2";"1";"2";"0";"0";"0";"0";"0";"0";"1";"1";"1"
;;"22";"van Lissum, J.T.M.";"5";"0";"0";"2";"1";"0";"0";"1";"0";"1";"0";"0";"0"
;;"23";"Stegink, T.W.";"40";"0";"8";"2";"3";"4";"0";"0";"10";"3";"4";"2";"4"
;;"24";"Huiskamp, F.M.";"8";"2";"0";"2";"0";"1";"1";"1";"0";"0";"0";"1";"0"
;;"25";"Eppink, D.J.";"21";"1";"4";"5";"1";"1";"0";"1";"2";"1";"2";"0";"3"
;;"26";"Hankers, H.F.";"7";"1";"1";"0";"1";"0";"0";"2";"0";"0";"1";"0";"1"
;;"27";"Berghout, N.C.G.";"7";"0";"0";"0";"1";"0";"1";"0";"0";"0";"0";"1";"4"
;;"28";"Roubos, G.L.";"2";"1";"0";"1";"0";"0";"0";"0";"0";"0";"0";"0";"0"
;;"29";"Evers, G.J.A.";"29";"2";"5";"6";"2";"1";"1";"2";"6";"1";"0";"1";"2"
;;"30";"Sijbolts, M.A.";"45";"3";"2";"6";"2";"1";"2";"6";"0";"4";"0";"4";"15"
;;"31";"Poppe, W.P.";"3";"0";"0";"2";"0";"0";"0";"0";"0";"0";"0";"1";"0"
;;"32";"Swaag, J.H.";"10";"3";"2";"0";"0";"0";"2";"0";"0";"0";"0";"1";"2"
;;"33";"Waalkens, D.E.";"534";"123";"29";"39";"22";"4";"60";"44";"13";"47";"13";"42";"98"
;;"34";"de Ridder, R.J.G.";"4";"0";"0";"3";"0";"0";"0";"0";"0";"0";"0";"0";"1"
;;"35";"Jaspers, W.C.P.H.";"15";"0";"10";"1";"0";"0";"0";"2";"0";"1";"1";"0";"0"
;;"36";"Floors, G.W.C.";"1";"0";"0";"0";"0";"0";"0";"0";"0";"0";"0";"1";"0"
;;"37";"Luitwieler-Bosma, J.M.";"34";"4";"1";"4";"3";"6";"2";"1";"3";"2";"5";"1";"2"
;;"38";"Rood, I.";"7";"1";"0";"1";"1";"0";"1";"0";"0";"1";"1";"1";"0"
;;"39";"van Noort, M.";"3";"1";"0";"0";"1";"1";"0";"0";"0";"0";"0";"0";"0"
;;"40";"Cromwijk, J.";"2";"0";"0";"0";"0";"0";"0";"0";"1";"1";"0";"0";"0"
;;"41";"van Wijk, J.W.";"1";"1";"0";"0";"0";"0";"0";"0";"0";"0";"0";"0";"0"
;;"42";"Bos-Zandstra, K.J.";"18";"1";"0";"3";"0";"1";"2";"0";"0";"6";"2";"2";"1"
;;"43";"Egelmeers, P.C.J.M.";"1";"0";"0";"0";"1";"0";"0";"0";"0";"0";"0";"0";"0"
;;"44";"Baltus, A.W.M.";"2";"0";"1";"1";"0";"0";"0";"0";"0";"0";"0";"0";"0"
;;"45";"van der Wereld-Verkerk, P.C.";"12";"2";"2";"1";"1";"1";"1";"0";"1";"1";"1";"0";"1"
;;"46";"Schoone, L.";"14";"2";"0";"7";"1";"1";"1";"1";"0";"0";"0";"1";"0"
;;"47";"Spätgens, J.M.";"2";"0";"0";"0";"0";"0";"1";"0";"0";"0";"1";"0";"0"
;;"48";"Zeedzen, D.";"0";"0";"0";"0";"0";"0";"0";"0";"0";"0";"0";"0";"0"
;;"49";"Schuiling, H.";"199";"4";"13";"12";"8";"48";"9";"1";"51";"3";"34";"3";"13"
;;"50";"Wielink, R.";"209";"7";"42";"28";"17";"4";"10";"6";"1";"2";"1";"5";"86"
"16";"BIJ1";;;"449";"100";"25";"97";"40";"43";"21";"10";"18";"21";"17";"32";"25"
;;"1";"Olf, E.M.";"145";"29";"8";"35";"13";"11";"10";"2";"7";"7";"6";"9";"8"
;;"2";"Mc Cray, L.";"72";"25";"3";"10";"6";"7";"7";"1";"3";"2";"2";"3";"3"
;;"3";"Salmi, L.";"37";"7";"2";"7";"1";"5";"0";"1";"0";"5";"0";"9";"0"
;;"4";"Courtar, G.O.";"27";"5";"2";"8";"2";"2";"1";"0";"0";"1";"3";"3";"0"
;;"5";"de Miranda, E.N.";"13";"5";"1";"2";"2";"2";"0";"0";"0";"0";"1";"0";"0"
;;"6";"Berend, C.E.W.R.";"35";"6";"1";"9";"2";"3";"1";"1";"5";"1";"0";"3";"3"
;;"7";"Luhrs, Y.";"14";"5";"2";"1";"1";"1";"0";"0";"0";"2";"1";"0";"1"
;;"8";"Gal, Y.";"3";"1";"0";"2";"0";"0";"0";"0";"0";"0";"0";"0";"0"
;;"9";"ten Caat, J.";"28";"4";"0";"8";"9";"0";"1";"0";"2";"0";"0";"0";"4"
;;"10";"Zandee, J.I.N.";"9";"3";"1";"2";"0";"1";"0";"0";"0";"0";"0";"2";"0"
;;"11";"Bakker, D.L.";"2";"1";"0";"1";"0";"0";"0";"0";"0";"0";"0";"0";"0"
;;"12";"Wienen, R.D.";"22";"1";"3";"6";"1";"4";"0";"0";"1";"1";"1";"2";"2"
;;"13";"Bijleveld, D.";"19";"6";"1";"2";"2";"1";"0";"4";"0";"1";"0";"0";"2"
;;"14";"Vrede, R.I.";"7";"1";"0";"1";"0";"1";"0";"0";"0";"1";"2";"1";"0"
;;"15";"Timmer, R.S.Y.";"16";"1";"1";"3";"1";"5";"1";"1";"0";"0";"1";"0";"2"
"17";"Piratenpartij - De Groenen";;;"217";"33";"13";"38";"28";"15";"16";"11";"6";"12";"10";"16";"19"
;;"1";"van Treuren, M.A.";"117";"17";"8";"26";"15";"8";"8";"5";"2";"3";"4";"11";"10"
;;"2";"Sadloe, S.";"30";"5";"3";"5";"4";"3";"1";"3";"1";"2";"1";"2";"0"
;;"3";"van Zwoll, R.M.E.";"9";"3";"0";"0";"1";"1";"0";"0";"0";"0";"2";"0";"2"
;;"4";"Pontier, M.A.";"9";"2";"0";"0";"1";"0";"0";"0";"1";"0";"1";"1";"3"
;;"5";"Brandsma, W.A.";"15";"5";"0";"1";"1";"0";"3";"0";"0";"3";"0";"1";"1"
;;"6";"ter Haar, O.H.";"0";"0";"0";"0";"0";"0";"0";"0";"0";"0";"0";"0";"0"
;;"7";"Zimmerman, H.K.";"7";"1";"0";"1";"1";"0";"2";"0";"1";"1";"0";"0";"0"
;;"8";"van Rijn, M.P.";"3";"0";"0";"0";"1";"0";"1";"0";"1";"0";"0";"0";"0"
;;"9";"Berendsen, P.";"1";"0";"0";"0";"0";"0";"0";"0";"0";"0";"1";"0";"0"
;;"10";"Yadegari, S.";"0";"0";"0";"0";"0";"0";"0";"0";"0";"0";"0";"0";"0"
;;"11";"Pot, A.A.M.";"6";"0";"0";"1";"1";"1";"0";"1";"0";"1";"0";"0";"1"
;;"12";"Werner, D.R.";"0";"0";"0";"0";"0";"0";"0";"0";"0";"0";"0";"0";"0"
;;"13";"van Deijk, D.D.";"0";"0";"0";"0";"0";"0";"0";"0";"0";"0";"0";"0";"0"
;;"14";"Russchenberg, S.";"0";"0";"0";"0";"0";"0";"0";"0";"0";"0";"0";"0";"0"
;;"15";"Hallegraeff, D.S.";"1";"0";"0";"1";"0";"0";"0";"0";"0";"0";"0";"0";"0"
;;"16";"Bresser, A.C.";"0";"0";"0";"0";"0";"0";"0";"0";"0";"0";"0";"0";"0"
;;"17";"Abendroth, A.M.";"2";"0";"0";"1";"0";"0";"0";"0";"0";"0";"1";"0";"0"
;;"18";"Darvish-Zadeh, P.";"0";"0";"0";"0";"0";"0";"0";"0";"0";"0";"0";"0";"0"
;;"19";"Schrama, D.D.";"1";"0";"0";"0";"0";"0";"0";"0";"0";"0";"0";"1";"0"
;;"20";"Werner-Wafelman, L.S.";"3";"0";"1";"0";"0";"0";"0";"1";"0";"1";"0";"0";"0"
;;"21";"Plesa, B.";"2";"0";"0";"1";"0";"0";"0";"1";"0";"0";"0";"0";"0"
;;"22";"Bouma, E.";"3";"0";"1";"0";"1";"0";"0";"0";"0";"1";"0";"0";"0"
;;"23";"Bethlehem, C.";"0";"0";"0";"0";"0";"0";"0";"0";"0";"0";"0";"0";"0"
;;"24";"Dekkers, S.A.P.";"0";"0";"0";"0";"0";"0";"0";"0";"0";"0";"0";"0";"0"
;;"25";"van Nes, T.";"0";"0";"0";"0";"0";"0";"0";"0";"0";"0";"0";"0";"0"
;;"26";"Linnenbank, A.C.";"1";"0";"0";"0";"0";"0";"0";"0";"0";"0";"0";"0";"1"
;;"27";"Braun, P.W.";"2";"0";"0";"0";"0";"0";"1";"0";"0";"0";"0";"0";"1"
;;"28";"Doting, R.";"0";"0";"0";"0";"0";"0";"0";"0";"0";"0";"0";"0";"0"
;;"29";"Teders, N.B.";"0";"0";"0";"0";"0";"0";"0";"0";"0";"0";"0";"0";"0"
;;"30";"Bakkers, T.F.M.";"0";"0";"0";"0";"0";"0";"0";"0";"0";"0";"0";"0";"0"
;;"31";"van Gelderen, J.J.";"2";"0";"0";"1";"1";"0";"0";"0";"0";"0";"0";"0";"0"
;;"32";"baron van Till, J.W.J.";"1";"0";"0";"0";"0";"1";"0";"0";"0";"0";"0";"0";"0"
;;"33";"van Breemen, W.";"0";"0";"0";"0";"0";"0";"0";"0";"0";"0";"0";"0";"0"
;;"34";"Blaak, M.G.M.H.";"2";"0";"0";"0";"1";"1";"0";"0";"0";"0";"0";"0";"0"
"18";"BVNL / Groep Van Haga";;;"1965";"236";"128";"362";"258";"142";"85";"124";"129";"100";"96";"108";"197"
;;"1";"van Haga, W.R.";"1399";"157";"91";"271";"181";"106";"54";"89";"88";"71";"76";"69";"146"
;;"2";"Krol, H.C.M.";"55";"6";"7";"17";"8";"1";"4";"4";"3";"2";"2";"0";"1"
;;"3";"van Keimpema, J.S.";"218";"17";"19";"30";"33";"11";"11";"14";"25";"6";"8";"16";"28"
;;"4";"Dercksen, R.G.J.";"5";"0";"0";"1";"0";"1";"2";"1";"0";"0";"0";"0";"0"
;;"5";"Koopmans - van der Veen, W.J.";"35";"4";"1";"2";"6";"5";"1";"1";"2";"4";"4";"0";"5"
;;"6";"van Aalst, R.R.";"4";"0";"0";"2";"0";"0";"0";"0";"0";"1";"0";"0";"1"
;;"7";"Emons, I.M.A.";"6";"0";"0";"1";"0";"0";"0";"2";"0";"2";"0";"0";"1"
;;"8";"Shahbazi Fishtali, S.";"14";"5";"0";"6";"1";"0";"0";"0";"0";"1";"0";"1";"0"
;;"9";"de Kok, A.";"2";"0";"0";"0";"0";"0";"0";"0";"2";"0";"0";"0";"0"
;;"10";"van Tellingen, H.P.";"6";"0";"0";"1";"0";"4";"1";"0";"0";"0";"0";"0";"0"
;;"11";"van der Velden, P.";"0";"0";"0";"0";"0";"0";"0";"0";"0";"0";"0";"0";"0"
;;"12";"Ramautarsing, Y.J.S.";"2";"0";"0";"1";"0";"0";"0";"1";"0";"0";"0";"0";"0"
;;"13";"Bosscher, C.J.";"2";"1";"0";"1";"0";"0";"0";"0";"0";"0";"0";"0";"0"
;;"14";"Wijnschenk, H.H.R.";"2";"1";"0";"1";"0";"0";"0";"0";"0";"0";"0";"0";"0"
;;"15";"Hulleman, S.P.X.";"54";"10";"4";"5";"6";"6";"4";"4";"2";"5";"2";"5";"1"
;;"16";"Schuiling, A.";"66";"15";"4";"7";"8";"1";"4";"4";"0";"3";"0";"14";"6"
;;"17";"van der Veen, T.A.";"3";"2";"0";"0";"0";"1";"0";"0";"0";"0";"0";"0";"0"
;;"18";"Schilder, P.C.J.";"1";"0";"0";"0";"0";"0";"0";"0";"1";"0";"0";"0";"0"
;;"19";"Vogelzang, S.J.";"4";"0";"0";"0";"2";"0";"0";"0";"0";"1";"1";"0";"0"
;;"20";"Pestman, R.J.E.";"23";"5";"0";"5";"0";"0";"4";"1";"2";"1";"0";"3";"2"
;;"21";"Vulders, S.";"1";"0";"0";"0";"0";"0";"0";"0";"0";"0";"0";"0";"1"
;;"22";"van der Wiele, D.";"4";"0";"0";"1";"2";"0";"0";"0";"1";"0";"0";"0";"0"
;;"23";"Brunke, R.L.";"0";"0";"0";"0";"0";"0";"0";"0";"0";"0";"0";"0";"0"
;;"24";"Gorter-de Vos, M.";"5";"1";"0";"1";"1";"2";"0";"0";"0";"0";"0";"0";"0"
;;"25";"van Dalen, E.H.";"1";"1";"0";"0";"0";"0";"0";"0";"0";"0";"0";"0";"0"
;;"26";"Wiersma, K.J.";"0";"0";"0";"0";"0";"0";"0";"0";"0";"0";"0";"0";"0"
;;"27";"van Kassel, P.";"1";"0";"0";"0";"0";"0";"0";"0";"0";"0";"1";"0";"0"
;;"28";"Wymenga-Kooistra, G.";"9";"2";"0";"2";"3";"0";"0";"0";"0";"1";"0";"0";"1"
;;"29";"Jonk, S.J.M.";"0";"0";"0";"0";"0";"0";"0";"0";"0";"0";"0";"0";"0"
;;"30";"Zuidema, C.";"0";"0";"0";"0";"0";"0";"0";"0";"0";"0";"0";"0";"0"
;;"31";"van der Meeren, C.J.R.F.";"0";"0";"0";"0";"0";"0";"0";"0";"0";"0";"0";"0";"0"
;;"32";"Mensing, C.M.";"3";"1";"0";"1";"0";"0";"0";"0";"0";"0";"0";"0";"1"
;;"33";"Durlacher, F.";"0";"0";"0";"0";"0";"0";"0";"0";"0";"0";"0";"0";"0"
;;"34";"Dienjes, C.S.";"1";"0";"0";"0";"1";"0";"0";"0";"0";"0";"0";"0";"0"
;;"35";"de Bekker, M.A.";"0";"0";"0";"0";"0";"0";"0";"0";"0";"0";"0";"0";"0"
;;"36";"Laarhoven, E.L.O.";"0";"0";"0";"0";"0";"0";"0";"0";"0";"0";"0";"0";"0"
;;"37";"Eradus, R.F.E.";"0";"0";"0";"0";"0";"0";"0";"0";"0";"0";"0";"0";"0"
;;"38";"Westhoff, R.J.H.";"1";"0";"1";"0";"0";"0";"0";"0";"0";"0";"0";"0";"0"
;;"39";"Beverloo, M.";"0";"0";"0";"0";"0";"0";"0";"0";"0";"0";"0";"0";"0"
;;"40";"van Buuren, M.J.";"0";"0";"0";"0";"0";"0";"0";"0";"0";"0";"0";"0";"0"
;;"41";"Overeem, A.C.";"19";"3";"1";"4";"6";"2";"0";"2";"0";"1";"0";"0";"0"
;;"42";"Thiessens, F.B.M.";"0";"0";"0";"0";"0";"0";"0";"0";"0";"0";"0";"0";"0"
;;"43";"Brouwer, A.";"1";"0";"0";"0";"0";"0";"0";"0";"0";"0";"1";"0";"0"
;;"44";"Manders, T.T.A.J.";"5";"2";"0";"0";"0";"0";"0";"1";"2";"0";"0";"0";"0"
;;"45";"Filippini, L.T.C.";"1";"0";"0";"0";"0";"0";"0";"0";"0";"0";"0";"0";"1"
;;"46";"Verweij, D.W.";"2";"1";"0";"0";"0";"0";"0";"0";"0";"0";"0";"0";"1"
;;"47";"Elens, R.B.";"6";"0";"0";"1";"0";"1";"0";"0";"1";"1";"1";"0";"1"
;;"48";"Rolloos, M.A.";"1";"1";"0";"0";"0";"0";"0";"0";"0";"0";"0";"0";"0"
;;"49";"Talsma, J.";"1";"0";"0";"0";"0";"1";"0";"0";"0";"0";"0";"0";"0"
;;"50";"Smolders, H.A.J.";"2";"1";"0";"1";"0";"0";"0";"0";"0";"0";"0";"0";"0"
"19";"Nieuw Sociaal Contract";;;"51908";"6909";"3892";"11258";"5671";"3629";"2836";"2910";"2444";"3410";"1971";"3271";"3707"
;;"1";"Omtzigt, P.H.";"45634";"5898";"3550";"10254";"5174";"3237";"2375";"2592";"2210";"2753";"1762";"2636";"3193"
;;"2";"van Vroonhoven-Kok, J.N.";"1381";"225";"97";"218";"140";"139";"71";"63";"73";"89";"64";"92";"110"
;;"3";"Uitermark, J.J.M.";"309";"44";"19";"53";"24";"33";"20";"20";"23";"16";"11";"22";"24"
;;"4";"Veldkamp, C.C.J.";"64";"11";"4";"20";"3";"3";"4";"2";"5";"4";"1";"3";"4"
;;"5";"Palmen-Schlangen, S.T.P.H.";"222";"33";"9";"50";"22";"19";"7";"11";"15";"9";"8";"27";"12"
;;"6";"van Hijum, Y.J.";"80";"10";"4";"9";"1";"19";"4";"0";"10";"3";"5";"0";"15"
;;"7";"Soepboer, A.J.";"157";"31";"9";"20";"15";"14";"9";"4";"7";"12";"8";"16";"12"
;;"8";"Joseph, A.S.";"51";"8";"2";"7";"6";"7";"2";"6";"2";"1";"5";"2";"3"
;;"9";"Six Dijkstra, J.P.S.";"42";"19";"3";"8";"4";"4";"0";"0";"2";"1";"0";"1";"0"
;;"10";"Welzijn, R.M.";"40";"15";"1";"3";"3";"3";"6";"1";"2";"2";"0";"3";"1"
;;"11";"Postma, W.L.";"11";"1";"0";"3";"2";"0";"2";"0";"0";"2";"1";"0";"0"
;;"12";"Zeedijk-Raeven, F.A.";"24";"2";"0";"3";"5";"2";"0";"2";"2";"2";"2";"2";"2"
;;"13";"Idsinga, F.L.";"7";"1";"0";"2";"0";"0";"0";"0";"0";"2";"0";"0";"2"
;;"14";"Jansen, D.E.M.C.";"1399";"278";"68";"227";"101";"36";"138";"94";"23";"120";"34";"210";"70"
;;"15";"van Oostenbruggen, T.";"5";"1";"0";"0";"0";"0";"0";"0";"0";"0";"0";"1";"3"
;;"16";"Kahraman, I.";"31";"5";"4";"3";"12";"1";"1";"0";"1";"0";"0";"3";"1"
;;"17";"Hertzberger, R.Y.";"100";"18";"11";"8";"5";"7";"12";"7";"9";"11";"2";"6";"4"
;;"18";"Bruyning, F.H.";"22";"6";"0";"3";"0";"6";"0";"2";"1";"2";"1";"0";"1"
;;"19";"van Dijk, O.C.";"11";"0";"0";"0";"1";"1";"0";"0";"7";"1";"0";"0";"1"
;;"20";"Holman, H.";"753";"85";"34";"103";"25";"16";"35";"27";"11";"275";"15";"88";"39"
;;"21";"Boomsma, D.T.";"16";"7";"1";"0";"1";"2";"0";"0";"1";"0";"2";"1";"1"
;;"22";"Heite, A.";"737";"113";"17";"93";"27";"32";"111";"53";"14";"90";"13";"141";"33"
;;"23";"Saris, I.G.";"33";"5";"2";"0";"7";"9";"2";"2";"1";"0";"3";"1";"1"
;;"24";"Wingelaar, N.T.P.";"14";"1";"3";"5";"1";"1";"0";"1";"0";"2";"0";"0";"0"
;;"25";"Koops, W.J.";"3";"1";"0";"0";"1";"0";"0";"0";"0";"0";"0";"0";"1"
;;"26";"Achahbar, N.";"27";"2";"1";"7";"7";"3";"2";"1";"1";"1";"0";"2";"0"
;;"27";"van Waveren, A.";"0";"0";"0";"0";"0";"0";"0";"0";"0";"0";"0";"0";"0"
;;"28";"de Korte-Verhoef, M.C.";"21";"2";"0";"2";"3";"1";"2";"3";"1";"2";"0";"1";"4"
;;"29";"Boelhouwer, N.P.";"8";"1";"1";"1";"0";"1";"0";"1";"0";"2";"0";"0";"1"
;;"30";"Schouten, M.A.C.";"5";"0";"0";"0";"0";"2";"0";"2";"0";"0";"0";"1";"0"
;;"31";"Kouwenhoven, A.J.";"1";"0";"0";"0";"0";"0";"0";"0";"0";"0";"1";"0";"0"
;;"32";"Verouden, V.C.H.M.";"4";"2";"0";"0";"2";"0";"0";"0";"0";"0";"0";"0";"0"
;;"33";"Heine, J.A.H.";"612";"67";"44";"140";"71";"22";"27";"12";"21";"4";"32";"9";"163"
;;"34";"Pouwelse, S.F.W.";"7";"1";"1";"1";"0";"4";"0";"0";"0";"0";"0";"0";"0"
;;"35";"de Leeuw-Jongejans, M.M.";"11";"2";"2";"3";"0";"1";"1";"1";"0";"0";"0";"1";"0"
;;"36";"Hartog, I.C.";"3";"0";"0";"1";"0";"1";"0";"0";"0";"0";"0";"1";"0"
;;"37";"van Bruchem, R.H.J.";"0";"0";"0";"0";"0";"0";"0";"0";"0";"0";"0";"0";"0"
;;"38";"van de Ven, M.A.A.";"0";"0";"0";"0";"0";"0";"0";"0";"0";"0";"0";"0";"0"
;;"39";"de Neijs, E.D.E.";"3";"1";"0";"2";"0";"0";"0";"0";"0";"0";"0";"0";"0"
;;"40";"Hassoo, W.";"10";"2";"0";"0";"2";"0";"2";"1";"1";"0";"0";"0";"2"
;;"41";"Graafland-van Duijn, M.A.";"23";"4";"3";"4";"3";"2";"1";"0";"0";"1";"1";"1";"3"
;;"42";"den Hartogh, A.";"7";"2";"0";"1";"1";"1";"1";"0";"0";"1";"0";"0";"0"
;;"43";"Wessels, R.";"4";"2";"0";"2";"0";"0";"0";"0";"0";"0";"0";"0";"0"
;;"44";"Geleijnse, S.";"16";"3";"2";"2";"2";"0";"1";"2";"1";"2";"0";"0";"1"
"20";"Splinter";;;"306";"56";"17";"58";"33";"31";"14";"21";"9";"15";"7";"25";"20"
;;"1";"van Kooten-Arissen, F.M.";"226";"40";"14";"47";"21";"21";"11";"13";"7";"10";"6";"20";"16"
;;"2";"Ipenburg, N.";"30";"9";"2";"2";"4";"7";"1";"4";"0";"0";"0";"1";"0"
;;"3";"Bogers, T.J.";"2";"1";"0";"0";"0";"0";"0";"0";"0";"0";"0";"1";"0"
;;"4";"Vos, J.";"5";"0";"0";"1";"1";"0";"0";"0";"0";"1";"1";"0";"1"
;;"5";"Jansma, D.M.";"0";"0";"0";"0";"0";"0";"0";"0";"0";"0";"0";"0";"0"
;;"6";"Mu'ayyed Mir-Damádi, N.";"2";"0";"0";"2";"0";"0";"0";"0";"0";"0";"0";"0";"0"
;;"7";"Rasenberg, N.E.";"2";"0";"0";"0";"1";"0";"0";"1";"0";"0";"0";"0";"0"
;;"8";"Janssen, P.G.";"2";"1";"0";"0";"1";"0";"0";"0";"0";"0";"0";"0";"0"
;;"9";"van der Weide, Y.";"2";"1";"0";"0";"0";"0";"0";"0";"1";"0";"0";"0";"0"
;;"10";"Wehnes, E.";"2";"0";"0";"1";"1";"0";"0";"0";"0";"0";"0";"0";"0"
;;"11";"de Backer, R.E.";"3";"0";"0";"2";"0";"0";"0";"1";"0";"0";"0";"0";"0"
;;"12";"Hoedeman, A.D.J.";"1";"0";"0";"0";"1";"0";"0";"0";"0";"0";"0";"0";"0"
;;"13";"Rechards, B.P.";"0";"0";"0";"0";"0";"0";"0";"0";"0";"0";"0";"0";"0"
;;"14";"Weyers, J.A.W.P.";"1";"0";"0";"0";"0";"0";"0";"1";"0";"0";"0";"0";"0"
;;"15";"van Dam, G.A.J.";"16";"1";"0";"2";"0";"3";"1";"1";"1";"3";"0";"2";"2"
;;"16";"Abrahams, J.M.";"2";"0";"0";"0";"1";"0";"0";"0";"0";"0";"0";"0";"1"
;;"17";"Kuin, D.";"1";"0";"0";"1";"0";"0";"0";"0";"0";"0";"0";"0";"0"
;;"18";"Gerritsen, M.C.G.";"1";"1";"0";"0";"0";"0";"0";"0";"0";"0";"0";"0";"0"
;;"19";"Leijendekkers, L.S.";"1";"0";"0";"0";"0";"0";"1";"0";"0";"0";"0";"0";"0"
;;"20";"de Ruiter, T.K.";"4";"1";"0";"0";"2";"0";"0";"0";"0";"1";"0";"0";"0"
;;"21";"Pijnenburg, G.A.J.";"0";"0";"0";"0";"0";"0";"0";"0";"0";"0";"0";"0";"0"
;;"22";"Schot, M.";"1";"0";"0";"0";"0";"0";"0";"0";"0";"0";"0";"1";"0"
;;"23";"Ezendam, N.";"0";"0";"0";"0";"0";"0";"0";"0";"0";"0";"0";"0";"0"
;;"24";"Peeters, L.M.";"0";"0";"0";"0";"0";"0";"0";"0";"0";"0";"0";"0";"0"
;;"25";"de Groot, D.S.";"0";"0";"0";"0";"0";"0";"0";"0";"0";"0";"0";"0";"0"
;;"26";"van den Heuvel-Łuczycki, M.";"0";"0";"0";"0";"0";"0";"0";"0";"0";"0";"0";"0";"0"
;;"27";"Bruijstens, P.";"0";"0";"0";"0";"0";"0";"0";"0";"0";"0";"0";"0";"0"
;;"28";"Keizer, M.B.";"0";"0";"0";"0";"0";"0";"0";"0";"0";"0";"0";"0";"0"
;;"29";"Gol, T.M.L.";"0";"0";"0";"0";"0";"0";"0";"0";"0";"0";"0";"0";"0"
;;"30";"de Koning, T.";"1";"1";"0";"0";"0";"0";"0";"0";"0";"0";"0";"0";"0"
;;"31";"Keyser, I.";"1";"0";"1";"0";"0";"0";"0";"0";"0";"0";"0";"0";"0"
"21";"LP (Libertaire Partij)";;;"111";"20";"4";"24";"12";"10";"4";"6";"1";"6";"8";"4";"12"
;;"1";"van Lamoen, T.J.";"72";"11";"2";"17";"8";"7";"3";"3";"1";"6";"7";"3";"4"
;;"2";"Burggraaf, B.W.";"5";"1";"0";"1";"0";"0";"0";"1";"0";"0";"0";"0";"2"
;;"3";"Verhagen, P.H.";"4";"1";"0";"1";"0";"1";"0";"0";"0";"0";"1";"0";"0"
;;"4";"Zijlstra, J.";"4";"0";"1";"1";"1";"0";"1";"0";"0";"0";"0";"0";"0"
;;"5";"Meijer, T.D.J.";"0";"0";"0";"0";"0";"0";"0";"0";"0";"0";"0";"0";"0"
;;"6";"Huijs, T.";"2";"0";"0";"1";"0";"0";"0";"0";"0";"0";"0";"0";"1"
;;"7";"Pailer, S.";"10";"3";"1";"1";"1";"1";"0";"1";"0";"0";"0";"0";"2"
;;"8";"Loman, W.P.J.A.";"1";"1";"0";"0";"0";"0";"0";"0";"0";"0";"0";"0";"0"
;;"9";"van den Brink, G.D.";"1";"0";"0";"0";"0";"1";"0";"0";"0";"0";"0";"0";"0"
;;"10";"Backhuijs, W.Q.";"1";"0";"0";"0";"0";"0";"0";"1";"0";"0";"0";"0";"0"
;;"11";"Koopmans, S.F.P.";"0";"0";"0";"0";"0";"0";"0";"0";"0";"0";"0";"0";"0"
;;"12";"Wassenaar, K.J.";"2";"1";"0";"0";"0";"0";"0";"0";"0";"0";"0";"1";"0"
;;"13";"Noortman, M.";"0";"0";"0";"0";"0";"0";"0";"0";"0";"0";"0";"0";"0"
;;"14";"Visser, P.R.";"1";"0";"0";"0";"1";"0";"0";"0";"0";"0";"0";"0";"0"
;;"15";"Mens, R.W.";"2";"0";"0";"0";"0";"0";"0";"0";"0";"0";"0";"0";"2"
;;"16";"Brokke, M.A.";"0";"0";"0";"0";"0";"0";"0";"0";"0";"0";"0";"0";"0"
;;"17";"Kleinsmit, H.T.J.";"2";"2";"0";"0";"0";"0";"0";"0";"0";"0";"0";"0";"0"
;;"18";"Hartkamp, P.L.";"2";"0";"0";"2";"0";"0";"0";"0";"0";"0";"0";"0";"0"
;;"19";"Vermeulen, E.";"2";"0";"0";"0";"1";"0";"0";"0";"0";"0";"0";"0";"1"
"22";"LEF - Voor de Nieuwe Generatie";;;"126";"24";"6";"20";"11";"17";"9";"6";"3";"8";"2";"16";"4"
;;"1";"van Duijn, D.C.";"57";"13";"5";"10";"5";"4";"5";"5";"0";"3";"2";"4";"1"
;;"2";"Zantman, N.M.";"28";"4";"1";"6";"0";"5";"1";"0";"2";"3";"0";"6";"0"
;;"3";"Neijts, Z.V.";"4";"2";"0";"1";"0";"1";"0";"0";"0";"0";"0";"0";"0"
;;"4";"Wijnker, M.I.";"7";"1";"0";"2";"1";"1";"0";"0";"0";"0";"0";"1";"1"
;;"5";"Bloem, J.F.";"3";"2";"0";"0";"0";"0";"0";"0";"0";"0";"0";"1";"0"
;;"6";"van Westerlaak, R.M.G.";"1";"1";"0";"0";"0";"0";"0";"0";"0";"0";"0";"0";"0"
;;"7";"van Diest, Y.A.";"3";"0";"0";"0";"2";"0";"0";"0";"0";"1";"0";"0";"0"
;;"8";"Kherrazi, W.";"0";"0";"0";"0";"0";"0";"0";"0";"0";"0";"0";"0";"0"
;;"9";"Pont, I.";"1";"0";"0";"0";"0";"0";"0";"0";"0";"1";"0";"0";"0"
;;"10";"Torres Noordenbos, D.";"1";"0";"0";"0";"0";"0";"1";"0";"0";"0";"0";"0";"0"
;;"11";"Gunning, M.";"3";"0";"0";"0";"0";"2";"0";"0";"0";"0";"0";"1";"0"
;;"12";"Berends, M.C.";"3";"0";"0";"0";"0";"0";"2";"0";"0";"0";"0";"1";"0"
;;"13";"Pickkers, L.J.";"1";"0";"0";"0";"0";"0";"0";"0";"0";"0";"0";"0";"1"
;;"14";"Sjiem-Fat, S.D.";"1";"0";"0";"0";"0";"0";"0";"0";"0";"0";"0";"1";"0"
;;"15";"Hulst, P.W.";"0";"0";"0";"0";"0";"0";"0";"0";"0";"0";"0";"0";"0"
;;"16";"Bijl, L.";"5";"0";"0";"1";"1";"2";"0";"0";"0";"0";"0";"0";"1"
;;"17";"Twaalfhoven, M.";"0";"0";"0";"0";"0";"0";"0";"0";"0";"0";"0";"0";"0"
;;"18";"Melis, E.M.";"3";"0";"0";"0";"0";"2";"0";"1";"0";"0";"0";"0";"0"
;;"19";"van Die, B.L.Y.";"3";"0";"0";"0";"1";"0";"0";"0";"1";"0";"0";"1";"0"
;;"20";"van Rooij, M.H.M.";"2";"1";"0";"0";"1";"0";"0";"0";"0";"0";"0";"0";"0"
"23";"Samen voor Nederland";;;"399";"53";"39";"125";"48";"27";"15";"14";"10";"11";"20";"11";"26"
;;"1";"Reijinga, M.";"114";"22";"8";"27";"5";"13";"2";"2";"2";"4";"13";"4";"12"
;;"2";"You-ala, S.";"36";"6";"3";"9";"7";"0";"2";"2";"1";"1";"4";"0";"1"
;;"3";"ten Seldam, W.";"7";"0";"1";"0";"2";"1";"1";"2";"0";"0";"0";"0";"0"
;;"4";"Olde Kalter, D.H.";"3";"1";"0";"1";"0";"0";"0";"0";"0";"0";"0";"0";"1"
;;"5";"Verspeek, M.R.";"1";"1";"0";"0";"0";"0";"0";"0";"0";"0";"0";"0";"0"
;;"6";"Huzen, J.";"180";"10";"23";"71";"30";"10";"5";"5";"6";"4";"2";"6";"8"
;;"7";"Buijs, L.J.";"1";"0";"0";"1";"0";"0";"0";"0";"0";"0";"0";"0";"0"
;;"8";"Vaneker, N.C.";"11";"4";"2";"1";"1";"1";"0";"1";"0";"0";"0";"1";"0"
;;"9";"Kuiper, T.R.M.";"2";"0";"0";"1";"0";"0";"0";"0";"1";"0";"0";"0";"0"
;;"10";"Berndsen, V.";"0";"0";"0";"0";"0";"0";"0";"0";"0";"0";"0";"0";"0"
;;"11";"Bosman, M.";"2";"0";"0";"1";"0";"0";"0";"1";"0";"0";"0";"0";"0"
;;"12";"van den Berg, D.";"1";"1";"0";"0";"0";"0";"0";"0";"0";"0";"0";"0";"0"
;;"13";"Dekker, C.J.";"2";"0";"1";"0";"0";"1";"0";"0";"0";"0";"0";"0";"0"
;;"14";"Seijffert-Wubbels, J.M.";"4";"0";"0";"3";"0";"0";"0";"0";"0";"0";"0";"0";"1"
;;"15";"Korving, R.J.";"0";"0";"0";"0";"0";"0";"0";"0";"0";"0";"0";"0";"0"
;;"16";"Wagt, B.";"0";"0";"0";"0";"0";"0";"0";"0";"0";"0";"0";"0";"0"
;;"17";"van der Pluijm, D.L.L.";"0";"0";"0";"0";"0";"0";"0";"0";"0";"0";"0";"0";"0"
;;"18";"Verspeek, M.";"1";"0";"1";"0";"0";"0";"0";"0";"0";"0";"0";"0";"0"
;;"19";"Ebbers, M.";"0";"0";"0";"0";"0";"0";"0";"0";"0";"0";"0";"0";"0"
;;"20";"Timmer, B.";"0";"0";"0";"0";"0";"0";"0";"0";"0";"0";"0";"0";"0"
;;"21";"Ijben, M.W.";"4";"3";"0";"0";"0";"0";"1";"0";"0";"0";"0";"0";"0"
;;"22";"Bink, S.";"3";"1";"0";"1";"0";"0";"0";"0";"0";"0";"0";"0";"1"
;;"23";"Roebersen, F.J.";"3";"1";"0";"1";"0";"0";"1";"0";"0";"0";"0";"0";"0"
;;"24";"Ottenhoff, R.S.A.";"1";"0";"0";"1";"0";"0";"0";"0";"0";"0";"0";"0";"0"
;;"25";"Honders, A.J.";"1";"0";"0";"0";"1";"0";"0";"0";"0";"0";"0";"0";"0"
;;"26";"Huijing, A.A.";"1";"0";"0";"0";"1";"0";"0";"0";"0";"0";"0";"0";"0"
;;"27";"Heesterman, E.";"9";"2";"0";"2";"0";"0";"3";"0";"0";"1";"0";"0";"1"
;;"28";"Zwijnenburg, E.J.";"12";"1";"0";"5";"1";"1";"0";"1";"0";"1";"1";"0";"1"